"Movie","Vader Neg","Vader Pos","Vader Neu","Genre"
"10-things-i-hate-about-you","-1","1","-1","Comedy"
"12-and-holding","-1","0","-1","Drama"
"12-monkeys","-1","-1","0","Drama"
"12-years-a-slave","-1","0","-1","Drama"
"127-hours","-1","0","0","Drama"
"1492-conquest-of-paradise","-1","0","0","Drama"
"15-minutes","-1","0","-1","Thriller"
"17-again","-1","1","-1","Drama"
"187","-1","-1","1","Drama"
"2012","-1","-1","1","Drama"
"30-minutes-or-less","-1","0","-1","Comedy"
"42","-1","1","0","Drama"
"44-inch-chest","-1","0","0","Drama"
"50-50","-1","1","-1","Drama"
"500-days-of-summer","-1","1","-1","Drama"
"8mm","-1","-1","1","Thriller"
"a-dry-white-season","-1","0","0","Drama"
"a-few-good-men","-1","0","1","Drama"
"a-most-violent-year","-1","0","1","Drama"
"a-nightmare-on-elm-street","-1","-1","0","Comedy"
"a-perfect-world","-1","0","1","Drama"
"a-walk-to-remember","-1","1","-1","Drama"
"above-the-law","-1","-1","0","Action"
"absolute-power","-1","0","0","Drama"
"adaptation","-1","1","-1","Drama"
"affliction","-1","-1","0","Drama"
"after-school-specia","-1","1","-1","Comedy"
"after.life","-1","-1","-1","Drama"
"airplane-2-the-sequel","-1","0","1","Comedy"
"airplane","-1","0","0","Comedy"
"ali","-1","-1","1","Drama"
"alien-3","-1","-1","1","Drama"
"alien-nation","-1","-1","1","Drama"
"alien-resurrection","-1","-1","1","Thriller"
"alien-vs.-predator","-1","-1","1","Thriller"
"aliens","-1","-1","1","Thriller"
"all-about-steve","-1","1","-1","Comedy"
"alone-in-the-dark","-1","-1","1","Thriller"
"amadeus","-1","1","-1","Drama"
"amelia","-1","1","-1","Drama"
"american-beauty","-1","1","-1","Drama"
"american-gangster","-1","-1","1","Drama"
"american-hustle","-1","1","-1","Drama"
"american-madness","-1","1","0","Drama"
"american-psycho","-1","1","-1","Drama"
"american-shaolin-king-of-kickboxers-ii","-1","0","1","Action"
"american-sniper","-1","-1","0","Drama"
"american-splendor","-1","0","-1","Drama"
"american-werewolf-in-london","-1","0","-1","Comedy"
"amour","-1","1","0","Drama"
"an-education","-1","1","0","Drama"
"analyze-that","-1","0","-1","Comedy"
"analyze-this","-1","1","-1","Comedy"
"angel-eyes","-1","1","-1","Drama"
"anna-karenina","-1","1","-1","Drama"
"annie-hall","-1","1","-1","Comedy"
"anonymous","-1","0","0","Drama"
"antitrust","-1","0","1","Drama"
"antz","-1","0","0","Comedy"
"apocalypse-now","-1","-1","0","Drama"
"april-fool's-day","-1","0","-1","Comedy"
"arbitrage","-1","1","0","Drama"
"argo","-1","-1","1","Drama"
"armageddon","-1","-1","1","Thriller"
"army-of-darkness","-1","-1","0","Comedy"
"arthur","-1","1","-1","Comedy"
"as-good-as-it-gets","-1","1","-1","Drama"
"assassins","-1","-1","1","Thriller"
"august-osage-county","-1","1","0","Drama"
"austin-powers---international-man-of-mystery","-1","1","-1","Comedy"
"austin-powers---the-spy-who-shagged-me","-1","1","-1","Comedy"
"authors-anonymous","-1","1","-1","Comedy"
"autumn-in-new-york","-1","1","-1","Drama"
"avatar","-1","0","0","Action"
"babel","-1","-1","0","Drama"
"bachelor-party","-1","1","0","Comedy"
"backdraft","-1","-1","0","Drama"
"bad-boys","-1","-1","0","Comedy"
"bad-country","-1","-1","1","Drama"
"bad-day-at-black-rock","-1","-1","1","Drama"
"bad-dreams","-1","0","0","Thriller"
"bad-lieutenant","-1","0","-1","Drama"
"bad-santa","-1","0","-1","Comedy"
"bad-teacher","-1","1","-1","Comedy"
"badlands","-1","-1","1","Drama"
"bamboozled","-1","1","-1","Drama"
"basic-instinct","-1","-1","1","Thriller"
"basic","-1","0","-1","Drama"
"basquiat","-1","0","1","Drama"
"batman-2","-1","-1","1","Thriller"
"batman","-1","1","-1","Thriller"
"battle-los-angeles","-1","-1","0","Action"
"bean","-1","1","0","Comedy"
"beasts-of-the-southern-wild","-1","0","0","Drama"
"beavis-and-butt-head-do-america","-1","-1","0","Comedy"
"beginners","-1","1","-1","Drama"
"being-human","-1","0","0","Drama"
"being-john-malkovich","-1","1","-1","Comedy"
"being-there","-1","1","-1","Drama"
"belle","-1","1","-1","Drama"
"beloved","-1","1","-1","Drama"
"big-eyes","-1","1","-1","Drama"
"big-fish","-1","1","0","Drama"
"birdman","-1","1","-1","Drama"
"birthday-girl","-1","0","1","Drama"
"black-rain","-1","-1","1","Drama"
"black-snake-moan","-1","0","-1","Drama"
"black-swan","-1","1","-1","Drama"
"blade-runner","-1","1","0","Drama"
"blade-trinity","-1","-1","1","Thriller"
"blade","-1","-1","1","Action"
"blood-and-wine","-1","0","1","Drama"
"blood-simple","-1","-1","1","Drama"
"blue-valentine","-1","-1","1","Drama"
"blue-velvet","-1","1","-1","Drama"
"bodies,-rest-&-motion","-1","0","0","Drama"
"body-heat","-1","0","1","Thriller"
"body-of-evidence","-1","0","-1","Thriller"
"bodyguard","-1","0","1","Drama"
"bonfire-of-the-vanities","-1","1","0","Drama"
"boogie-nights","-1","1","-1","Drama"
"boondock-saints-2-all-saints-day","-1","0","-1","Drama"
"bound","-1","0","0","Drama"
"boyhood","-1","1","-1","Drama"
"braveheart","-1","0","-1","Drama"
"breakdown","-1","-1","1","Thriller"
"brick","-1","0","1","Drama"
"bridesmaids","-1","1","-1","Comedy"
"bringing-out-the-dead","-1","-1","-1","Drama"
"broken-arrow","-1","-1","1","Thriller"
"broken-embraces","-1","0","1","Drama"
"bull-durham","-1","1","-1","Drama"
"buried","-1","0","0","Drama"
"burlesque","-1","1","0","Drama"
"burn-after-reading","-1","0","1","Comedy"
"burning-annie","-1","1","-1","Drama"
"cable-guy","-1","1","0","Drama"
"candle-to-water","-1","0","-1","Drama"
"capote","-1","0","0","Drama"
"carrie","-1","0","0","Thriller"
"cars-2","-1","1","-1","Action"
"case-39","-1","0","-1","Thriller"
"casino","-1","1","0","Crime"
"cast-away","-1","-1","1","Drama"
"catwoman","-1","-1","0","Action"
"cedar-rapids","-1","1","-1","Comedy"
"celeste-&-jesse-forever","-1","1","-1","Drama"
"cellular","-1","-1","-1","Drama"
"changeling","-1","0","0","Drama"
"chaos","-1","-1","1","Drama"
"charade","-1","-1","1","Thriller"
"charlie's-angels","-1","0","1","Comedy"
"chasing-sleep","-1","0","0","Thriller"
"cherry-falls","-1","-1","-1","Thriller"
"chinatown","-1","-1","1","Thriller"
"christ-complex","-1","0","-1","Comedy"
"chronicle","-1","0","-1","Drama"
"cirque-du-freak-the-vampire's-assistant","-1","0","0","Thriller"
"citizen-kane","-1","0","1","Drama"
"city-of-joy","-1","1","0","Drama"
"clash-of-the-titans","-1","0","-1","Drama"
"clerks","-1","0","-1","Drama"
"cliffhanger","-1","-1","1","Thriller"
"cobb","-1","1","-1","Drama"
"code-of-silence","-1","-1","1","Drama"
"cold-mountain","-1","0","0","Drama"
"collateral-damage","-1","-1","1","Thriller"
"collateral","-1","-1","1","Thriller"
"colombiana","-1","-1","1","Drama"
"commando","-1","-1","1","Thriller"
"conan-the-barbarian","-1","-1","-1","Action"
"confessions-of-a-dangerous-mind","-1","1","-1","Drama"
"confidence","-1","1","0","Drama"
"constantine","-1","-1","1","Drama"
"coraline","-1","0","0","Adventure"
"coriolanus","-1","1","-1","Drama"
"cowboys-&-aliens","-1","-1","-1","Thriller"
"cradle-2-the-grave","-1","-1","1","Drama"
"crank","-1","-1","0","Drama"
"crash","-1","-1","1","Drama"
"crazy,-stupid,-love","-1","1","-1","Drama"
"crazylove","-1","1","0","Drama"
"creation","-1","0","0","Drama"
"crime-spree","-1","-1","1","Comedy"
"croupier","-1","0","0","Drama"
"cruel-intentions","-1","1","-1","Drama"
"custody","-1","1","0","Comedy"
"dallas-buyers-club","-1","0","0","Drama"
"dances-with-wolves","-1","-1","1","Drama"
"dark-city","-1","-1","1","Thriller"
"darkman","-1","0","0","Thriller"
"date-night","-1","0","0","Comedy"
"dave-barry's-complete-guide-to-guys","-1","0","1","Comedy"
"day-of-the-dead","-1","-1","-1","Drama"
"dead-poets-society","-1","1","0","Drama"
"deadpool","-1","0","-1","Comedy"
"dear-white-people","-1","1","-1","Drama"
"death-at-a-funeral","-1","0","-1","Comedy"
"death-to-smoochy","-1","1","-1","Comedy"
"deception","-1","0","0","Drama"
"deep-cover","-1","0","0","Thriller"
"defiance","-1","-1","0","Drama"
"despicable-me-2","-1","1","0","Comedy"
"detroit-rock-city","-1","1","-1","Comedy"
"devil's-advocate","-1","1","-1","Drama"
"devil-in-a-blue-dress","-1","1","-1","Thriller"
"die-hard-2","-1","-1","1","Thriller"
"die-hard","-1","-1","1","Thriller"
"diner","-1","0","1","Drama"
"disturbia","-1","-1","1","Thriller"
"dog-day-afternoon","-1","-1","1","Drama"
"dogma","-1","0","-1","Comedy"
"double-indemnity","-1","-1","1","Drama"
"drag-me-to-hell","-1","0","0","Thriller"
"drive-angry","-1","-1","0","Action"
"drive","-1","0","1","Drama"
"drop-dead-gorgeous","-1","1","-1","Comedy"
"dumb-and-dumber","-1","0","0","Comedy"
"dune","-1","-1","1","Action"
"e.t","-1","-1","1","Adventure"
"eagle-eye","-1","-1","1","Thriller"
"eastern-promises","-1","-1","1","Drama"
"easy-a","-1","1","-1","Comedy"
"ed-wood","-1","1","-1","Drama"
"eight-legged-freaks","-1","-1","1","Comedy"
"el-mariachi","-1","-1","1","Thriller"
"election","-1","1","-1","Comedy"
"elizabeth-the-golden-age","-1","1","-1","Drama"
"enough","-1","1","-1","Drama"
"entrapment","-1","0","1","Thriller"
"erin-brockovic","-1","0","0","Drama"
"escape-from-l.a","-1","-1","1","Thriller"
"escape-from-new-york","-1","-1","0","Thriller"
"eternal-sunshine-of-the-spotless-mind","-1","1","-1","Drama"
"even-cowgirls-get-the-blues","-1","0","0","Drama"
"event-horizon","-1","-1","1","Thriller"
"evil-dead-ii-dead-by-dawn","-1","-1","0","Comedy"
"ex-machina","-1","-1","1","Drama"
"excalibur","-1","0","-1","Drama"
"existenz","-1","1","-1","Thriller"
"extract","-1","1","-1","Comedy"
"face-off","-1","-1","0","Drama"
"fair-game","-1","-1","1","Drama"
"fantastic-four","-1","0","0","Action"
"fantastic-mr-fox","-1","-1","1","Comedy"
"fargo","-1","0","1","Thriller"
"fast-times-at-ridgemont-high","-1","1","1","Drama"
"fatal-instinct","-1","0","0","Thriller"
"fear-and-loathing-in-las-vegas","-1","0","-1","Drama"
"feast","-1","1","-1","Thriller"
"ferris-bueller's-day-off","-1","1","-1","Comedy"
"field-of-dreams","-1","1","0","Drama"
"fight-club","-1","-1","1","Drama"
"final-destination-2","-1","0","-1","Thriller"
"final-destination","-1","-1","0","Thriller"
"five-easy-pieces","-1","0","1","Drama"
"flash-gordon","-1","0","0","Action"
"flight","-1","0","0","Drama"
"forrest-gump","-1","0","1","Drama"
"four-rooms","-1","1","-1","Drama"
"foxcatcher","-1","1","1","Drama"
"fracture","-1","0","-1","Drama"
"frances","-1","1","-1","Drama"
"frankenweenie","-1","-1","1","Comedy"
"freaked","-1","1","-1","Comedy"
"freddy-vs.-jason","-1","-1","0","Thriller"
"friday-the-13th-part-viii-jason-takes-manhattan","-1","-1","0","Horror"
"friday-the-13th","-1","0","1","Thriller"
"fright-night-(1985)","-1","-1","0","Thriller"
"fright-night","-1","0","-1","Comedy"
"from-dusk-till-dawn","-1","0","-1","Thriller"
"from-here-to-eternity","-1","0","0","Drama"
"frozen-(disney)","-1","1","-1","Comedy"
"frozen-river","-1","-1","1","Drama"
"frozen","-1","0","-1","Drama"
"fruitvale-station","-1","0","1","Drama"
"funny-people","-1","1","-1","Drama"
"g.i.-jane","-1","-1","1","Drama"
"g.i.-joe-the-rise-of-cobra","-1","0","0","Thriller"
"game-6","-1","0","0","Drama"
"gamer","-1","-1","0","Thriller"
"gandhi","-1","0","0","Drama"
"gang-related","-1","-1","-1","Drama"
"gangs-of-new-york","-1","0","-1","Drama"
"garden-state","-1","1","-1","Drama"
"gattaca","-1","-1","1","Drama"
"get-carter","-1","-1","1","Drama"
"get-low","-1","0","0","Drama"
"get-on-up","-1","0","1","Drama"
"ghost-rider","-1","-1","0","Thriller"
"ghost-ship","-1","-1","1","Thriller"
"ghost-world","-1","1","-1","Drama"
"ghost","-1","0","-1","Drama"
"ghostbusters-2","-1","0","0","Comedy"
"ghostbusters","-1","-1","1","Comedy"
"ginger-snaps","-1","-1","-1","Drama"
"gladiator","-1","0","-1","Drama"
"go","-1","-1","1","Comedy"
"gods-and-monsters","-1","1","-1","Drama"
"godzilla","-1","-1","1","Thriller"
"gone-in-60-seconds","-1","-1","1","Action"
"good-will-hunting","-1","1","-1","Drama"
"gothika","-1","-1","0","Thriller"
"gran-torino","-1","0","-1","Drama"
"grand-hotel","-1","1","-1","Drama"
"grand-theft-parsons","-1","1","0","Drama"
"gremlins-2","-1","-1","1","Comedy"
"gremlins","-1","-1","1","Comedy"
"grosse-point-blank","-1","-1","1","Thriller"
"groundhog-day","-1","1","0","Comedy"
"hackers","-1","1","-1","Drama"
"hall-pass","-1","1","-1","Comedy"
"hancock","-1","-1","0","Drama"
"hanna","-1","-1","1","Action"
"hannibal","-1","0","1","Thriller"
"hard-rain","-1","-1","1","Drama"
"hard-to-kill","-1","-1","0","Action"
"harold-and-kumar-go-to-white-castle","-1","-1","0","Comedy"
"he's-just-not-that-into-you","-1","1","-1","Drama"
"heat","-1","-1","1","Drama"
"heathers","-1","1","-1","Comedy"
"heist","-1","-1","1","Drama"
"hellbound-hellraiser-ii","-1","0","0","Thriller"
"hellboy-2-the-golden-army","-1","-1","0","Action"
"hellboy","-1","0","0","Action"
"hellraiser-3-hell-on-ear","-1","0","-1","Horror"
"hellraiser-deader","-1","-1","1","Thriller"
"hellraiser-hellseeker","-1","0","0","Horror"
"hellraiser","-1","-1","0","Horror"
"henry's-crime","-1","1","0","Drama"
"henry-fool","-1","0","0","Drama"
"her","-1","1","-1","Drama"
"hesher","-1","-1","0","Drama"
"high-fidelity","-1","1","-1","Drama"
"highlander","-1","0","-1","Action"
"his-girl-friday","-1","0","1","Drama"
"hitchcock","-1","1","0","Drama"
"hollow-man","-1","-1","1","Thriller"
"honeydripper","-1","1","0","Drama"
"horrible-bosses","-1","0","-1","Comedy"
"hostage","-1","-1","1","Drama"
"hot-tub-time-machine","-1","1","-1","Comedy"
"hotel-rwanda","-1","0","0","Drama"
"house-of-1000-corpses","-1","1","-1","Horror"
"how-to-lose-friends-&-alienate-people","-1","1","0","Comedy"
"how-to-train-your-dragon-2","-1","0","-1","Action"
"how-to-train-your-dragon","-1","-1","-1","Comedy"
"hudson-hawk","-1","0","0","Comedy"
"human-nature","-1","1","-1","Comedy"
"i'll-do-anything","-1","1","-1","Drama"
"i,-robot","-1","-1","0","Thriller"
"i-am-number-four","-1","-1","0","Thriller"
"i-am-sam","-1","1","-1","Drama"
"i-love-you-phillip-morris","-1","1","-1","Drama"
"i-spit-on-your-grave","-1","-1","0","Thriller"
"i-still-know-what-you-did-last-summer","-1","0","0","Thriller"
"in-the-bedroom","-1","-1","1","Drama"
"in-the-loop","-1","1","-1","Comedy"
"inception","-1","-1","1","Action"
"indiana-jones-and-the-last-crusade","-1","-1","1","Action"
"indiana-jones-and-the-raiders-of-the-lost-ark","-1","0","1","Action"
"indiana-jones-and-the-temple-of-doom","-1","-1","1","Action"
"indiana-jones-iv","-1","0","0","Action"
"insidious","-1","-1","1","Thriller"
"insomnia","-1","-1","1","Drama"
"interstellar","-1","-1","1","Drama"
"interview-with-the-vampire","-1","1","-1","Drama"
"into-the-wild","-1","0","1","Drama"
"into-the-woods","-1","0","-1","Drama"
"intolerable-cruelty","-1","1","-1","Comedy"
"inventing-the-abbotts","-1","0","0","Drama"
"invictus","-1","0","0","Drama"
"it's-a-wonderful-life","-1","1","1","Drama"
"it's-complicated","-1","1","0","Comedy"
"jackie-brown","-1","-1","1","Comedy"
"jacob's-ladder","-1","0","-1","Drama"
"jane-eyre","-1","1","-1","Drama"
"jason-x","-1","-1","-1","Thriller"
"jaws-2","-1","-1","1","Thriller"
"jaws","-1","-1","1","Thriller"
"jay-and-silent-bob-strike-back","-1","0","-1","Comedy"
"jennifer's-body","-1","0","-1","Thriller"
"jennifer-eight","-1","0","0","Thriller"
"jimmy-and-judy","-1","1","-1","Action"
"judge-dredd","-1","-1","0","Action"
"juno","-1","1","-1","Drama"
"jurassic-park-the-lost-world","-1","-1","1","Thriller"
"kalifornia","-1","-1","1","Thriller"
"kate-&-leopold","-1","1","0","Comedy"
"kids","-1","1","-1","Drama"
"kill-bill-volume-1-&-2","-1","-1","0","Drama"
"kill-your-darlings","-1","-1","0","Drama"
"killing-zoe","-1","0","0","Drama"
"king-kong","-1","-1","0","Drama"
"klute","-1","0","0","Drama"
"knocked-up","-1","1","-1","Drama"
"kramer-vs-kramer","-1","1","1","Drama"
"kundun","-1","0","1","Drama"
"kung-fu-panda","-1","0","-1","Comedy"
"l.a.-confidential","-1","0","0","Drama"
"la-la-land","-1","0","0","Drama"
"labor-of-love","-1","0","1","Drama"
"labyrinth","-1","1","0","Adventure"
"lake-placid","-1","0","0","Thriller"
"land-of-the-dead","-1","-1","-1","Thriller"
"larry-crowne","-1","1","0","Drama"
"last-chance-harvey","-1","1","-1","Drama"
"last-tango-in-paris","-1","1","-1","Drama"
"law-abiding-citizen","-1","-1","0","Drama"
"legion","-1","-1","-1","Thriller"
"les-miserables","-1","0","-1","Drama"
"leviathan","-1","-1","1","Thriller"
"liar-liar","-1","1","-1","Comedy"
"life-of-pi","-1","-1","1","Drama"
"life","-1","0","0","Drama"
"limitless","-1","0","0","Thriller"
"lincoln","-1","0","-1","Drama"
"little-athens","-1","-1","0","Drama"
"little-nicky","-1","1","-1","Comedy"
"living-in-oblivion","-1","1","-1","Drama"
"lock,-stock-and-two-smoking-barrels","-1","0","0","Thriller"
"logan's-run","-1","0","0","Action"
"lone-star","-1","-1","1","Drama"
"looper","-1","-1","0","Action"
"lord-of-illusions","-1","-1","0","Thriller"
"lord-of-war","-1","0","0","Drama"
"lost-highway","-1","-1","1","Drama"
"lost-horizon","-1","1","0","Drama"
"lost-in-space","-1","-1","1","Action"
"lost-in-translation","-1","1","0","Drama"
"love-and-basketball","-1","1","0","Drama"
"machete","-1","0","-1","Thriller"
"machine-gun-preacher","-1","-1","1","Action"
"magnolia","-1","0","0","Drama"
"major-league","-1","-1","1","Comedy"
"malibu's-most-wanted","-1","1","-1","Comedy"
"man-in-the-iron-mask","-1","0","-1","Drama"
"man-on-fire","-1","1","0","Drama"
"man-on-the-moon","-1","1","-1","Drama"
"man-trouble","-1","0","0","Comedy"
"margaret","-1","1","-1","Drama"
"margin-call","-1","0","1","Drama"
"margot-at-the-wedding","-1","0","0","Drama"
"mariachi,-e","-1","-1","1","Thriller"
"marley-&-me","-1","1","1","Drama"
"martha-marcy-may-marlene","-1","1","-1","Drama"
"master-and-commander","-1","0","0","Drama"
"max-payne","-1","-1","1","Drama"
"mean-streets","-1","0","0","Drama"
"meet-joe-black","-1","1","-1","Drama"
"megamind","-1","1","-1","Comedy"
"men-in-black-3","-1","1","-1","Comedy"
"men-in-black","-1","-1","1","Comedy"
"metro","-1","-1","1","Drama"
"miami-vice","-1","-1","1","Drama"
"midnight-cowboy","-1","1","-1","Drama"
"midnight-express","-1","-1","-1","Drama"
"midnight-in-paris","-1","1","-1","Comedy"
"mighty-morphin-power-rangers-the-movie","-1","-1","1","Action"
"milk","-1","0","-1","Drama"
"mimic","-1","-1","1","Thriller"
"mini's-first-time","-1","1","-1","Drama"
"mirrors","-1","-1","1","Thriller"
"mission-impossible-ii","-1","-1","1","Thriller"
"mission-impossible","-1","-1","1","Thriller"
"mission-to-mars","-1","0","0","Drama"
"moneyball","-1","1","0","Drama"
"monkeybone","-1","0","0","Comedy"
"monte-carlo","-1","1","1","Comedy"
"moon","-1","-1","1","Drama"
"moonrise-kingdom","-1","-1","1","Drama"
"moonstruck","-1","1","0","Drama"
"mr-blandings-builds-his-dream-house","-1","0","1","Comedy"
"mr-brooks","-1","0","1","Drama"
"mr-deeds-goes-to-town","-1","1","0","Comedy"
"mrs.-brown","-1","1","0","Drama"
"mud","-1","-1","1","Drama"
"mulholland-drive","-1","0","1","Drama"
"mumford","-1","0","0","Drama"
"music-of-the-heart","-1","1","-1","Drama"
"my-best-friend's-wedding","-1","1","-1","Comedy"
"my-mother-dreams-the-satan's-disciples-in-new-york","-1","1","0","Short"
"my-week-with-marilyn","-1","1","-1","Drama"
"nashville","-1","1","0","Drama"
"natural-born-killers","-1","0","-1","Thriller"
"new-york-minute","-1","1","0","Comedy"
"newsies","-1","0","1","Family"
"next-friday","-1","0","-1","Comedy"
"next","-1","0","0","Thriller"
"nick-of-time","-1","1","-1","Drama"
"nightbreed","-1","-1","0","Action"
"nightmare-on-elm-street-the-final-chapter","-1","-1","0","Comedy"
"nine","-1","1","-1","Drama"
"ninja-assassin","-1","-1","1","Drama"
"no-country-for-old-men","-1","-1","1","Drama"
"no-strings-attached","-1","1","-1","Comedy"
"oblivion","-1","-1","1","Action"
"observe-and-report","-1","1","-1","Drama"
"obsessed","-1","1","-1","Drama"
"oceans-eleven","-1","-1","1","Thriller"
"oceans-twelve","-1","0","1","Thriller"
"one-flew-over-the-cuckoo's-nest","-1","0","1","Drama"
"only-god-forgives","-1","0","0","Drama"
"ordinary-people","-1","1","-1","Drama"
"orphan","-1","0","0","Drama"
"out-of-sight","-1","-1","1","Drama"
"pandorum","-1","-1","1","Action"
"panic-room","-1","-1","1","Drama"
"papadopoulos-&-sons","-1","1","-1","Drama"
"paranorman","-1","-1","-1","Comedy"
"pariah","-1","1","0","Drama"
"paul","-1","0","0","Comedy"
"peeping-tom","-1","0","1","Drama"
"peggy-sue-got-married","-1","1","-1","Comedy"
"perfect-creature","-1","-1","1","Drama"
"pet-sematary-ii","-1","-1","1","Horror"
"pet-sematary","-1","0","0","Horror"
"petulia","-1","0","0","Drama"
"philadelphia","-1","1","-1","Drama"
"phone-booth","-1","0","0","Thriller"
"pi","-1","-1","1","Thriller"
"pineapple-express","-1","0","-1","Thriller"
"pirates-of-the-caribbean-the-curse-of-the-black-pearl","-1","1","0","Comedy"
"pitch-black","-1","-1","0","Thriller"
"platinum-blonde","-1","1","0","Comedy"
"pleasantville","-1","1","1","Drama"
"point-break","-1","0","0","Drama"
"precious","-1","1","-1","Drama"
"predator","-1","-1","1","Thriller"
"pretty-woman","-1","1","-1","Comedy"
"pride-and-prejudice","-1","1","-1","Drama"
"priest","-1","-1","0","Action"
"prom-night","-1","-1","1","Thriller"
"prometheus","-1","-1","1","Adventure"
"psycho","-1","-1","1","Thriller"
"public-enemies","-1","-1","1","Drama"
"pulp-fiction","-1","1","-1","Drama"
"purple-rain","-1","1","-1","Drama"
"quantum-project","-1","-1","1","Drama"
"queen-of-the-damned","-1","1","0","Horror"
"rachel-getting-married","-1","1","-1","Drama"
"raging-bull","-1","0","0","Drama"
"raising-arizona","-1","-1","1","Comedy"
"rambling-rose","-1","1","-1","Drama"
"rear-window","-1","-1","1","Thriller"
"red-riding-hood","-1","-1","0","Horror"
"reindeer-games","-1","0","0","Drama"
"remember-me","-1","1","0","Drama"
"reservoir-dogs","-1","-1","-1","Thriller"
"revolutionary-road","-1","1","-1","Drama"
"ringu","-1","-1","1","Thriller"
"rise-of-the-guardians","-1","1","1","Adventure"
"rise-of-the-planet-of-the-apes","-1","-1","0","Drama"
"rko-281","-1","0","0","Drama"
"robin-hood-prince-of-thieves","-1","1","-1","Drama"
"rocknrolla","-1","1","0","Comedy"
"romeo-&-julie","-1","1","-1","Drama"
"ronin","-1","-1","1","Thriller"
"room","-1","0","1","Drama"
"roughshod","-1","-1","1","Western"
"runaway-bride","-1","1","0","Comedy"
"rush-hour-2","-1","0","0","Comedy"
"rush","-1","1","-1","Drama"
"rushmore","-1","0","0","Comedy"
"rust-and-bone","-1","0","1","Drama"
"s.-darko","-1","-1","1","Thriller"
"save-the-last-dance","-1","1","0","Drama"
"saving-mr.-banks","-1","1","-1","Drama"
"saving-private-ryan","-1","0","-1","Drama"
"schindler's-list","-1","0","0","Drama"
"scott-pilgrim-vs-the-world","-1","1","-1","Comedy"
"scream-2","-1","-1","-1","Thriller"
"scream-3","-1","0","-1","Thriller"
"scream","-1","0","-1","Thriller"
"se7en","-1","-1","0","Drama"
"semi-pro","-1","1","-1","Comedy"
"sense-and-sensibility","-1","1","-1","Drama"
"serenity","-1","-1","1","Thriller"
"sex-and-the-city","-1","1","0","Drama"
"sexual-life","-1","1","-1","Drama"
"shakespeare-in-love","-1","1","-1","Drama"
"shallow-grave","-1","0","1","Drama"
"shame","-1","1","-1","Drama"
"she's-out-of-my-league","-1","1","-1","Comedy"
"sherlock-holmes","-1","-1","1","Thriller"
"shifty","-1","-1","0","Thriller"
"shivers","-1","-1","1","Sci-Fi"
"shrek-the-third","-1","1","-1","Comedy"
"sideways","-1","1","-1","Drama"
"signs","-1","-1","1","Drama"
"silence-of-the-lambs","-1","0","0","Drama"
"silver-bulle","-1","0","0","Horror"
"silver-linings-playbook","-1","1","-1","Drama"
"simone","-1","1","0","Drama"
"sister-act","-1","1","0","Comedy"
"sleepless-in-seattle","-1","0","1","Drama"
"sleepy-hollow","-1","-1","0","Horror"
"sling-blade","-1","1","0","Drama"
"slither","-1","0","-1","Comedy"
"slumdog-millionaire","-1","0","1","Drama"
"smashed","-1","1","-1","Drama"
"smokin'-aces","-1","-1","0","Drama"
"snatch","-1","0","0","Comedy"
"snow-falling-on-cedars","-1","0","-1","Drama"
"snow-white-and-the-huntsman","-1","0","-1","Drama"
"so-i-married-an-axe-murderer","-1","1","-1","Thriller"
"solaris","-1","-1","0","Drama"
"soldier","-1","-1","-1","Drama"
"someone-to-watch-over-me","-1","1","0","Drama"
"something's-gotta-give","-1","1","-1","Drama"
"source-code","-1","-1","1","Thriller"
"south-park","-1","1","-1","Comedy"
"spanglish","-1","1","0","Drama"
"spare-me","-1","-1","1","Thriller"
"spartan","-1","-1","1","Drama"
"speed-racer","-1","1","0","Action"
"sphere","-1","-1","1","Thriller"
"spider-man","-1","-1","1","Action"
"st.-elmo's-fire","-1","1","-1","Drama"
"star-trek-nemesis","-1","0","0","Drama"
"star-trek","-1","0","0","Action"
"star-wars-1","-1","-1","0","Action"
"star-wars-2","-1","0","-1","Action"
"star-wars-3","-1","0","-1","Action"
"star-wars-4","-1","-1","0","Action"
"star-wars-5","-1","0","0","Action"
"star-wars-7","-1","-1","-1","Action"
"starman","-1","-1","1","Drama"
"state-and-main","-1","-1","1","Comedy"
"station-west","-1","0","1","Western"
"storytelling","-1","1","-1","Drama"
"strange-days","-1","0","0","Drama"
"strangers-on-a-train","-1","-1","1","Drama"
"sugar","-1","1","0","Drama"
"sunset-blvd","-1","0","1","Drama"
"sunshine-cleaning","-1","0","0","Drama"
"super-8","-1","-1","0","Thriller"
"superbad","-1","1","-1","Comedy"
"supergirl","-1","0","0","Action"
"surrogates","-1","-1","0","Thriller"
"suspect-zero","-1","-1","1","Drama"
"sweeney-todd-the-demon-barber-of-fleet-street","-1","1","-1","Drama"
"swordfish","-1","0","1","Thriller"
"synecdoche,-new-york","-1","1","-1","Drama"
"syriana","-1","1","0","Drama"
"take-shelter","-1","-1","1","Drama"
"taking-lives","-1","1","-1","Drama"
"taking-sides","-1","1","0","Drama"
"tall-in-the-saddle","-1","-1","1","Romance"
"tamara-drewe","-1","1","-1","Drama"
"ted","-1","1","-1","Comedy"
"terminator-2-judgement-day","-1","-1","1","Drama"
"terminator-salvation","-1","-1","1","Thriller"
"the-abyss","-1","-1","1","Thriller"
"the-addams-family","-1","-1","1","Comedy"
"the-adventures-of-buckaroo-banzai-across-the-eighth-dimension","-1","-1","1","Comedy"
"the-american","-1","-1","1","Drama"
"the-amityville-asylum","-1","0","-1","Horror"
"the-anniversary-party","-1","1","-1","Drama"
"the-artist","-1","0","0","Drama"
"the-assignment","-1","-1","0","Thriller"
"the-avengers","-1","0","-1","Action"
"the-bachelor-party","-1","0","1","Drama"
"the-back-up-plan","-1","1","-1","Comedy"
"the-battle-of-shaker-heights","-1","1","0","Drama"
"the-believer","-1","-1","0","Drama"
"the-best-exotic-marigold-hotel","-1","1","0","Drama"
"the-big-blue","-1","1","0","Drama"
"the-big-white","-1","0","0","Drama"
"the-birds","-1","-1","1","Drama"
"the-black-dahlia","-1","-1","1","Drama"
"the-blind-side","-1","0","1","Drama"
"the-bling-ring","-1","1","1","Drama"
"the-book-of-eli","-1","0","-1","Drama"
"the-boondock-saints","-1","-1","-1","Drama"
"the-bourne-identity","-1","-1","1","Drama"
"the-bourne-supremacy","-1","-1","1","Drama"
"the-bourne-ultimatum","-1","-1","1","Thriller"
"the-box","-1","-1","1","Drama"
"the-breakfast-club","-1","0","-1","Drama"
"the-brothers-bloom","-1","0","0","Drama"
"the-butterfly-effect","-1","0","-1","Drama"
"the-cell","-1","0","0","Thriller"
"the-change-up","-1","1","-1","Comedy"
"the-cider-house-rules","-1","1","0","Drama"
"the-cincinnati-kid","-1","0","1","Drama"
"the-cooler","-1","1","-1","Drama"
"the-croods","-1","0","0","Comedy"
"the-crow-city-of-angels","-1","-1","1","Thriller"
"the-crow","-1","-1","-1","Drama"
"the-curious-case-of-benjamin-button","-1","0","1","Drama"
"the-damned-united","-1","1","-1","Drama"
"the-dark-knight-rises","-1","-1","0","Thriller"
"the-day-the-clown-cried","-1","0","0","Drama"
"the-day-the-earth-stood-still","-1","0","1","Drama"
"the-debt","-1","-1","1","Drama"
"the-deer-hunter","-1","-1","1","Drama"
"the-departed","-1","-1","0","Drama"
"the-descendants","-1","1","0","Drama"
"the-distinguished-gentleman","-1","1","-1","Comedy"
"the-doors","-1","1","-1","Drama"
"the-fabulous-baker-boys","-1","1","0","Drama"
"the-family-man","-1","1","1","Comedy"
"the-fault-in-our-stars","-1","1","-1","Drama"
"the-fifth-element","-1","1","0","Drama"
"the-fighter","-1","0","0","Drama"
"the-flintstones","-1","0","1","Comedy"
"the-french-connection","-1","-1","1","Thriller"
"the-fugitive","-1","-1","1","Thriller"
"the-getaway","-1","-1","1","Drama"
"the-godfather-part-ii","-1","1","0","Drama"
"the-godfather","-1","0","0","Drama"
"the-graduate","-1","0","1","Drama"
"the-green-mile","-1","0","-1","Drama"
"the-grifters","-1","1","0","Drama"
"the-grudge","-1","-1","1","Thriller"
"the-hangover","-1","1","-1","Thriller"
"the-haunting","-1","-1","0","Thriller"
"the-hebrew-hammer","-1","1","0","Comedy"
"the-help","-1","1","0","Drama"
"the-hills-have-eyes","-1","-1","0","Thriller"
"the-hitchhiker's-guide-to-the-galaxy","-1","0","0","Comedy"
"the-horse-whisperer","-1","1","-1","Drama"
"the-hudsucker-proxy","-1","0","0","Comedy"
"the-ice-storm","-1","0","1","Drama"
"the-ides-of-march","-1","1","1","Drama"
"the-imaginarium-of-doctor-parnassus","-1","1","-1","Adventure"
"the-insider","-1","-1","1","Drama"
"the-invention-of-lying","-1","1","-1","Comedy"
"the-iron-lady","-1","1","-1","Drama"
"the-island","-1","-1","1","Drama"
"the-italian-job","-1","-1","1","Thriller"
"the-jacket","-1","0","0","Drama"
"the-kids-are-all-right","-1","1","-1","Drama"
"the-king's-speech","-1","1","-1","Drama"
"the-king-of-comedy","-1","1","1","Drama"
"the-kingdom","-1","0","0","Drama"
"the-ladykillers","-1","0","0","Comedy"
"the-last-boy-scout","-1","0","-1","Thriller"
"the-last-flight","-1","1","0","Drama"
"the-last-of-the-mohicans","-1","-1","0","Romance"
"the-last-samurai","-1","0","-1","Drama"
"the-last-station","-1","1","-1","Drama"
"the-life-of-david-gale","-1","0","1","Drama"
"the-limey","-1","0","1","Drama"
"the-lincoln-lawyer","-1","-1","1","Drama"
"the-long-kiss-goodnight","-1","0","-1","Drama"
"the-lord-of-the-rings-fellowship-of-the-ring","-1","0","0","Action"
"the-losers","-1","-1","-1","Thriller"
"the-majestic","-1","1","1","Drama"
"the-man-who-knew-too-much","-1","-1","1","Drama"
"the-man-who-wasn't-there","-1","-1","1","Drama"
"the-manchurian-candidate","-1","0","-1","Thriller"
"the-mask","-1","1","0","Drama"
"the-master","-1","1","0","Drama"
"the-matrix-reloaded","-1","-1","1","Thriller"
"the-matrix","-1","-1","1","Thriller"
"the-mechanic","-1","0","0","Thriller"
"the-men-who-stare-at-goats","-1","0","0","Comedy"
"the-miracle-worker","-1","-1","1","Drama"
"the-mummy","-1","-1","-1","Action"
"the-next-three-days","-1","-1","1","Drama"
"the-nines","-1","0","1","Drama"
"the-other-boleyn-girl","-1","1","-1","Drama"
"the-pacifier","-1","0","0","Thriller"
"the-perks-of-being-a-wallflower","-1","1","-1","Drama"
"the-pianist","-1","-1","1","Drama"
"the-postman","-1","0","0","Drama"
"the-power-of-one","-1","1","0","Drama"
"the-private-life-of-sherlock-holmes","-1","-1","1","Drama"
"the-producer","-1","1","-1","Comedy"
"the-program","-1","0","-1","Drama"
"the-prophecy","-1","-1","0","Thriller"
"the-proposal","-1","1","-1","Drama"
"the-queen","-1","-1","1","Drama"
"the-rage-carrie-2","-1","1","0","Thriller"
"the-reader","-1","0","1","Drama"
"the-relic","-1","-1","0","Thriller"
"the-replacements","-1","0","-1","Comedy"
"the-revenant","-1","-1","1","Drama"
"the-road","-1","-1","1","Drama"
"the-rock","-1","-1","1","Action"
"the-rocky-horror-picture-show","-1","1","-1","Comedy"
"the-roommate","-1","1","0","Drama"
"the-ruins","-1","-1","1","Thriller"
"the-salton-sea","-1","-1","0","Drama"
"the-sandlot-kids","-1","0","0","Drama"
"the-searchers","-1","-1","1","Drama"
"the-sessions","-1","1","-1","Drama"
"the-shining","-1","0","1","Thriller"
"the-shipping-news","-1","1","-1","Drama"
"the-siege","-1","-1","1","Drama"
"the-social-network","-1","0","1","Drama"
"the-stuntman","-1","0","-1","Drama"
"the-surfer-king","-1","1","1","Comedy"
"the-sweet-hereafter","-1","0","1","Drama"
"the-taking-of-pelham-one-two-three","-1","-1","1","Drama"
"the-talented-mr.-ripley","-1","1","0","Drama"
"the-terminator","-1","-1","1","Drama"
"the-thing","-1","-1","1","Thriller"
"the-things-my-father-never-taught-me","-1","1","-1","Comedy"
"the-three-musketeers","-1","1","-1","Comedy"
"the-time-machine","-1","-1","1","Action"
"the-tourist","-1","-1","1","Drama"
"the-truman-show","-1","-1","1","Drama"
"the-ugly-truth","-1","1","-1","Comedy"
"the-verdict","-1","0","1","Drama"
"the-visitor","-1","1","0","Drama"
"the-way-back","-1","-1","1","Drama"
"the-whistleblower","-1","-1","1","Drama"
"the-wild-bunch","-1","-1","1","Action"
"the-wolf-of-wall-street","-1","0","0","Comedy"
"the-woodsman","-1","0","0","Drama"
"the-world-is-not-enough","-1","-1","1","Thriller"
"the-wrestler","-1","0","0","Drama"
"the-x-files-fight-the-future","-1","-1","1","Thriller"
"thelma-&-louise","-1","0","0","Drama"
"thirteen-days","-1","0","0","Drama"
"this-boy's-life","-1","1","-1","Drama"
"this-is-40","-1","1","-1","Comedy"
"thor","-1","0","0","Action"
"three-kings-(spoils-of-war)","-1","0","0","Action"
"three-kings","-1","-1","-1","Action"
"three-men-and-a-baby","-1","1","-1","Comedy"
"thunderheart","-1","-1","1","Thriller"
"ticker","-1","-1","0","Thriller"
"timber-falls","-1","0","-1","Thriller"
"tin-cup","-1","1","0","Drama"
"tin-men","-1","0","1","Drama"
"tinker-tailor-soldier-spy","-1","1","0","Drama"
"titanic","-1","0","1","Drama"
"tmnt","-1","0","1","Drama"
"to-sleep-with-anger","-1","0","1","Drama"
"tomorrow-never-dies","-1","-1","1","Thriller"
"total-recall","-1","-1","1","Thriller"
"traffic","-1","0","0","Drama"
"trainspotting","-1","0","-1","Drama"
"transformers-the-movie","-1","-1","0","Action"
"tron-legacy","-1","0","0","Action"
"tron","-1","-1","1","Action"
"true-lies","-1","-1","1","Thriller"
"twilight-new-moon","-1","1","-1","Drama"
"twilight","-1","1","0","Drama"
"twin-peaks","-1","0","0","Drama"
"twins","-1","1","0","Comedy"
"two-for-the-money","-1","1","0","Drama"
"u-turn","-1","1","-1","Drama"
"unbreakable","-1","-1","1","Drama"
"under-fire","-1","0","0","Drama"
"unknown","-1","-1","1","Drama"
"up-in-the-air","-1","1","0","Drama"
"up","-1","1","1","Drama"
"v-for-vendetta","-1","1","-1","Drama"
"valkyrie","-1","0","0","Drama"
"vanilla-sky","-1","1","-1","Thriller"
"very-bad-things","-1","0","-1","Thriller"
"wag-the-dog","-1","0","1","Comedy"
"walking-tall","-1","1","0","Drama"
"wall-e","-1","-1","1","Drama"
"wall-street-money-never-sleeps","-1","0","1","Drama"
"wall-street","-1","1","0","Drama"
"wanted","-1","-1","1","Thriller"
"war-horse","-1","1","-1","Drama"
"war-of-the-worlds","-1","-1","1","Thriller"
"warm-springs","-1","1","0","Drama"
"warrior","-1","0","0","Drama"
"watchmen","-1","0","-1","Thriller"
"water-for-elephants","-1","1","-1","Drama"
"we-own-the-night","-1","0","1","Drama"
"what-about-bob","-1","1","0","Comedy"
"what-lies-beneath","-1","1","0","Drama"
"when-a-stranger-calls","-1","-1","1","Thriller"
"while-she-was-out","-1","-1","1","Drama"
"white-christmas","-1","1","1","Comedy"
"white-jazz","-1","-1","0","Drama"
"white-squall","-1","0","0","Drama"
"whiteout","-1","-1","1","Drama"
"who's-your-daddy","-1","1","-1","Comedy"
"wild-hogs","-1","1","-1","Comedy"
"wild-things-diamonds-in-the-rough","-1","0","-1","Drama"
"wild-things","-1","0","1","Drama"
"wild-wild-west","-1","0","0","Comedy"
"willow","-1","0","0","Comedy"
"win-win","-1","1","-1","Drama"
"wind-chill","-1","-1","1","Thriller"
"witness","-1","-1","1","Drama"
"wonder-boys","-1","0","0","Drama"
"x-men-origins-wolverine","-1","-1","0","Thriller"
"xxx","-1","-1","0","Thriller"
"year-one","-1","1","0","Comedy"
"yes-man","-1","1","-1","Comedy"
"you-can-count-on-me","-1","1","0","Drama"
"youth-in-revolt","-1","1","0","Drama"
"zero-dark-thirty","-1","-1","1","Drama"
"zerophilia","-1","1","-1","Comedy"
