"Movie","Anger","Anticipation","Disgust","Fear","Joy","Negative","Positive","Sadness","Surprise","Trust","Genre"
"10-things-i-hate-about-you","0","1","1","0","1","0","1","0","1","1","Comedy"
"12-and-holding","0","1","1","0","1","1","0","1","0","1","Drama"
"12-monkeys","1","-1","0","1","-1","1","-1","1","0","-1","Thriller"
"12-years-a-slave","1","1","1","1","0","1","1","1","-1","1","Drama"
"127-hours","-1","-1","0","0","-1","0","-1","0","-1","-1","Thriller"
"1492-conquest-of-paradise","0","0","0","0","1","0","1","-1","1","0","Adventure"
"15-minutes","1","-1","0","1","-1","1","0","1","0","0","Crime"
"17-again","0","0","1","-1","1","0","0","0","0","0","Comedy"
"187","0","-1","0","0","-1","1","0","1","0","0","Drama"
"2012","-1","1","-1","0","0","-1","0","-1","0","0","Thriller"
"30-minutes-or-less","1","1","1","1","0","1","0","1","1","1","Action"
"42","0","1","0","-1","1","-1","0","-1","0","1","Drama"
"44-inch-chest","0","-1","1","0","0","1","0","1","0","-1","Drama"
"50-50","1","1","1","1","1","1","0","1","0","1","Drama"
"500-days-of-summer","0","1","1","-1","1","0","1","1","1","1","Drama"
"8mm","0","-1","0","0","-1","0","-1","-1","-1","-1","Thriller"
"a-dry-white-season","0","1","0","1","0","1","1","1","0","1","Thriller"
"a-few-good-men","0","0","-1","0","-1","-1","1","0","-1","1","Thriller"
"a-most-violent-year","-1","1","-1","-1","0","-1","1","-1","0","1","Crime"
"a-nightmare-on-elm-street","1","-1","1","1","-1","1","-1","1","-1","-1","Mystery"
"a-perfect-world","1","0","1","0","0","1","-1","-1","-1","-1","Crime"
"a-walk-to-remember","-1","0","0","-1","1","-1","1","0","0","1","Drama"
"above-the-law","1","0","1","1","-1","1","0","1","-1","1","Action"
"absolute-power","0","0","-1","0","0","-1","0","0","1","0","Crime"
"adaptation","-1","0","1","0","1","1","1","1","-1","1","Comedy"
"affliction","1","0","1","1","0","1","-1","1","1","1","Drama"
"after-school-specia","0","1","0","-1","1","0","1","-1","1","1","Comedy"
"after.life","-1","-1","-1","0","0","1","-1","1","-1","-1","Drama"
"airplane-2-the-sequel","0","0","0","1","-1","0","0","1","0","0","Comedy"
"airplane","-1","1","-1","0","0","-1","1","-1","1","1","Romance"
"ali","1","0","-1","0","0","1","0","0","0","0","Drama"
"alien-3","0","0","1","0","-1","0","-1","0","-1","-1","Drama"
"alien-nation","0","-1","1","1","-1","0","-1","-1","-1","-1","Sci-Fi"
"alien-resurrection","1","-1","1","1","-1","1","-1","0","-1","-1","Horror"
"alien-vs.-predator","0","-1","0","1","-1","1","-1","-1","-1","-1","Thriller"
"aliens","0","-1","1","1","-1","1","-1","0","-1","-1","Thriller"
"all-about-steve","0","1","0","0","0","-1","0","1","0","0","Comedy"
"alone-in-the-dark","0","-1","0","1","-1","1","-1","0","-1","-1","Action"
"amadeus","0","1","0","-1","1","0","1","1","1","1","Drama"
"amelia","-1","1","-1","-1","1","-1","1","-1","1","1","Drama"
"american-beauty","0","0","1","-1","1","0","1","0","0","0","Drama"
"american-gangster","0","1","-1","0","0","0","0","0","0","1","Drama"
"american-hustle","0","1","0","0","1","0","1","0","1","1","Drama"
"american-madness","1","1","-1","0","1","-1","1","-1","1","1","Drama"
"american-psycho","0","0","1","-1","0","0","0","0","0","-1","Horror"
"american-shaolin-king-of-kickboxers-ii","0","0","-1","-1","0","-1","1","-1","0","1","Action"
"american-sniper","1","-1","1","1","0","1","-1","0","-1","0","Drama"
"american-splendor","0","0","1","0","0","0","0","1","1","0","Drama"
"american-werewolf-in-london","1","0","1","1","0","1","0","1","1","0","Romance"
"amour","-1","1","-1","-1","0","-1","0","0","0","0","Romance"
"an-education","-1","1","-1","-1","1","-1","1","0","1","1","Drama"
"analyze-that","1","1","0","1","0","1","0","0","0","1","Comedy"
"analyze-this","1","1","1","1","1","1","1","1","1","1","Crime"
"angel-eyes","1","0","0","0","1","1","0","1","1","0","Drama"
"anna-karenina","-1","1","0","-1","1","0","1","1","1","1","Drama"
"annie-hall","-1","1","0","-1","1","-1","1","0","1","1","Romance"
"anonymous","1","1","1","1","1","1","1","0","0","1","Thriller"
"antitrust","-1","-1","-1","0","0","-1","0","0","-1","-1","Crime"
"antz","1","-1","1","1","0","1","1","0","-1","0","Fantasy"
"apocalypse-now","1","-1","1","1","0","1","0","1","0","0","Action"
"april-fool's-day","-1","-1","-1","-1","-1","-1","-1","-1","-1","-1","Comedy"
"arbitrage","-1","1","-1","-1","0","0","0","0","0","1","Thriller"
"argo","-1","0","-1","-1","-1","-1","0","-1","-1","0","Drama"
"armageddon","0","-1","0","0","-1","-1","-1","-1","-1","-1","Thriller"
"army-of-darkness","1","-1","1","1","-1","1","-1","0","0","-1","Adventure"
"arthur","0","1","1","0","1","0","1","0","1","1","Comedy"
"as-good-as-it-gets","0","1","0","0","1","0","1","1","1","0","Drama"
"assassins","0","0","-1","0","-1","-1","-1","-1","-1","-1","Action"
"august-osage-county","-1","1","0","-1","1","0","1","1","0","1","Drama"
"austin-powers---international-man-of-mystery","0","0","0","0","1","0","1","0","-1","0","Action"
"austin-powers---the-spy-who-shagged-me","0","0","0","0","1","0","1","-1","-1","1","Action"
"authors-anonymous","-1","1","-1","-1","1","-1","1","-1","1","1","Comedy"
"autumn-in-new-york","-1","1","0","-1","1","0","1","1","1","0","Romance"
"avatar","1","-1","1","1","-1","1","-1","0","0","0","Action"
"babel","1","0","1","1","-1","1","0","1","0","1","Drama"
"bachelor-party","0","1","0","-1","1","-1","1","-1","1","0","Comedy"
"backdraft","0","-1","1","1","-1","0","-1","0","0","-1","Thriller"
"bad-boys","0","-1","0","0","-1","0","-1","-1","0","0","Comedy"
"bad-country","1","-1","0","1","-1","0","-1","0","-1","-1","Crime"
"bad-day-at-black-rock","-1","-1","0","0","-1","1","-1","0","-1","-1","Thriller"
"bad-dreams","0","0","0","1","0","0","1","1","1","0","Thriller"
"bad-lieutenant","1","1","1","1","1","1","1","1","1","1","Crime"
"bad-santa","0","0","1","-1","0","0","-1","-1","0","-1","Comedy"
"bad-teacher","-1","1","0","-1","1","-1","1","-1","1","1","Comedy"
"badlands","0","0","-1","-1","0","-1","-1","-1","0","1","Crime"
"bamboozled","0","1","0","0","1","1","1","1","1","1","Comedy"
"basic-instinct","-1","0","-1","0","-1","-1","-1","0","-1","-1","Thriller"
"basic","1","0","0","1","-1","1","0","1","1","1","Drama"
"basquiat","-1","0","-1","-1","1","-1","0","0","-1","-1","Drama"
"batman-2","0","-1","-1","0","-1","0","-1","-1","0","-1","Thriller"
"batman","0","-1","0","1","0","0","-1","-1","1","-1","Fantasy"
"battle-los-angeles","0","-1","1","1","-1","1","-1","0","-1","0","Action"
"bean","-1","-1","-1","-1","0","-1","0","-1","0","-1","Comedy"
"beasts-of-the-southern-wild","0","-1","1","0","0","0","0","0","0","0","Fantasy"
"beavis-and-butt-head-do-america","0","0","0","1","0","1","0","-1","0","-1","Animation"
"beginners","-1","1","-1","-1","1","-1","1","1","1","1","Romance"
"being-human","0","1","0","0","1","0","1","1","1","1","Comedy"
"being-john-malkovich","-1","0","1","-1","1","-1","1","1","0","0","Comedy"
"being-there","-1","0","-1","-1","1","-1","1","-1","1","1","Comedy"
"belle","0","1","0","0","1","1","1","1","1","1","Romance"
"beloved","-1","1","0","-1","1","0","1","1","1","0","Drama"
"big-eyes","0","1","0","-1","1","0","1","1","1","0","Crime"
"big-fish","-1","1","0","0","1","-1","0","0","1","1","Comedy"
"birdman","1","0","1","0","1","0","0","0","1","-1","Romance"
"birthday-girl","-1","-1","-1","-1","-1","-1","-1","-1","0","-1","Crime"
"black-rain","0","-1","-1","-1","-1","-1","-1","-1","-1","-1","Action"
"black-snake-moan","1","0","1","0","1","1","0","1","-1","0","Drama"
"black-swan","-1","0","-1","-1","1","0","0","1","0","-1","Mystery"
"blade-runner","-1","0","-1","-1","0","-1","0","-1","0","0","Drama"
"blade-trinity","1","-1","1","1","-1","1","-1","0","-1","-1","Horror"
"blade","1","-1","1","1","-1","1","-1","0","-1","-1","Action"
"blood-and-wine","-1","0","-1","-1","0","-1","0","-1","0","-1","Drama"
"blood-simple","-1","-1","-1","-1","-1","-1","-1","-1","-1","-1","Drama"
"blue-valentine","-1","-1","-1","-1","0","-1","-1","-1","-1","-1","Drama"
"blue-velvet","0","0","0","1","1","0","0","1","1","0","Crime"
"bodies,-rest-&-motion","-1","-1","-1","-1","0","-1","-1","-1","-1","-1","Romance"
"body-heat","0","0","-1","-1","0","-1","-1","-1","0","-1","Thriller"
"body-of-evidence","1","0","0","0","0","1","0","1","0","1","Thriller"
"bodyguard","-1","0","-1","-1","0","-1","0","-1","-1","0","Drama"
"bonfire-of-the-vanities","1","0","1","0","0","0","1","1","0","1","Comedy"
"boogie-nights","-1","1","-1","-1","1","-1","1","0","0","0","Drama"
"boondock-saints-2-all-saints-day","1","-1","0","1","0","1","0","-1","0","0","Crime"
"bound","1","0","0","0","0","1","-1","0","1","-1","Crime"
"boyhood","-1","1","0","-1","1","-1","1","0","1","1","Drama"
"braveheart","1","0","0","1","0","1","1","1","0","1","Action"
"breakdown","-1","-1","-1","-1","-1","-1","-1","-1","-1","0","Thriller"
"brick","-1","-1","-1","-1","-1","0","-1","0","-1","-1","Mystery"
"bridesmaids","-1","1","-1","-1","1","-1","1","-1","0","1","Comedy"
"bringing-out-the-dead","0","-1","1","1","-1","1","-1","1","-1","0","Drama"
"broken-arrow","1","-1","-1","1","-1","1","-1","-1","-1","-1","Adventure"
"broken-embraces","0","1","-1","0","0","0","1","1","1","0","Thriller"
"bull-durham","1","0","1","-1","0","1","0","0","0","0","Romance"
"buried","0","0","-1","1","-1","1","-1","1","-1","0","Thriller"
"burlesque","-1","0","-1","-1","1","-1","0","0","0","-1","Drama"
"burn-after-reading","-1","0","-1","-1","-1","-1","-1","-1","-1","-1","Crime"
"burning-annie","0","1","1","0","1","1","1","1","1","1","Romance"
"cable-guy","1","1","0","0","1","0","0","0","1","1","Drama"
"candle-to-water","1","-1","1","1","0","1","0","1","0","0","Drama"
"capote","-1","0","-1","-1","0","-1","0","0","-1","0","Drama"
"carrie","0","0","1","0","1","1","0","0","1","0","Thriller"
"cars-2","0","1","0","0","0","0","0","-1","1","0","Action"
"case-39","0","-1","0","0","-1","0","-1","1","-1","-1","Thriller"
"casino","1","1","0","0","0","-1","0","0","1","1","Crime"
"cast-away","0","0","0","-1","0","-1","-1","-1","-1","-1","Adventure"
"catwoman","0","-1","0","0","-1","0","0","0","0","-1","Crime"
"cedar-rapids","-1","1","1","-1","1","-1","1","-1","1","1","Comedy"
"celeste-&-jesse-forever","-1","1","1","-1","1","0","1","0","1","1","Drama"
"cellular","1","-1","1","1","-1","1","-1","1","0","0","Drama"
"changeling","0","0","1","1","-1","1","1","1","-1","1","Drama"
"chaos","1","1","-1","1","-1","0","0","-1","0","1","Crime"
"charade","0","-1","-1","-1","0","-1","-1","-1","1","-1","Comedy"
"charlie's-angels","-1","0","-1","-1","0","-1","0","-1","0","-1","Comedy"
"chasing-sleep","-1","-1","0","-1","-1","0","-1","1","-1","0","Thriller"
"cherry-falls","0","-1","1","0","-1","0","-1","1","-1","0","Thriller"
"chinatown","-1","-1","0","-1","-1","0","-1","0","-1","-1","Thriller"
"christ-complex","1","1","1","0","1","0","0","1","0","1","Fantasy"
"chronicle","1","-1","1","1","-1","1","-1","1","1","0","Thriller"
"cirque-du-freak-the-vampire's-assistant","1","0","1","1","-1","1","-1","1","-1","0","Adventure"
"citizen-kane","-1","0","-1","-1","1","-1","1","0","1","1","Mystery"
"city-of-joy","-1","0","0","-1","1","-1","1","-1","1","1","Drama"
"clash-of-the-titans","1","1","1","1","1","1","1","1","1","1","Action"
"clerks","1","1","1","-1","0","1","1","0","-1","0","Drama"
"cliffhanger","1","0","-1","1","-1","1","0","0","0","-1","Adventure"
"cobb","1","1","1","1","0","1","0","1","1","1","Drama"
"code-of-silence","1","-1","0","0","-1","0","-1","-1","-1","0","Drama"
"cold-mountain","1","0","1","1","0","1","0","1","0","0","War"
"collateral-damage","1","-1","0","1","-1","0","-1","-1","-1","0","Thriller"
"collateral","0","-1","-1","0","-1","0","0","0","-1","-1","Action"
"colombiana","-1","-1","-1","0","0","-1","-1","-1","-1","0","Drama"
"commando","0","-1","-1","1","-1","-1","-1","-1","-1","-1","Thriller"
"conan-the-barbarian","1","-1","1","1","-1","1","0","1","-1","-1","Action"
"confessions-of-a-dangerous-mind","1","1","1","0","1","1","1","1","0","1","Crime"
"confidence","1","1","1","0","1","0","0","-1","1","1","Crime"
"constantine","1","-1","1","1","-1","0","-1","1","-1","-1","Fantasy"
"coraline","-1","-1","0","-1","1","-1","0","-1","-1","0","Family"
"coriolanus","1","0","1","1","1","1","1","1","0","1","War"
"cowboys-&-aliens","1","-1","1","1","-1","1","-1","1","-1","0","Sci-Fi"
"cradle-2-the-grave","1","0","-1","1","-1","0","-1","-1","-1","0","Thriller"
"crank","1","-1","1","1","-1","1","-1","0","-1","-1","Thriller"
"crash","-1","-1","0","0","-1","0","-1","0","-1","-1","Drama"
"crazy,-stupid,-love","-1","1","1","-1","1","0","1","0","1","1","Comedy"
"crazylove","-1","1","-1","-1","1","-1","1","0","1","1","Romance"
"creation","-1","0","0","0","1","0","1","1","0","0","Drama"
"crime-spree","1","-1","-1","0","0","0","-1","0","0","-1","Comedy"
"croupier","0","1","0","-1","0","-1","0","-1","0","0","Crime"
"cruel-intentions","0","1","1","-1","1","1","1","1","1","1","Drama"
"custody","-1","1","0","-1","1","-1","1","0","-1","1","Comedy"
"dallas-buyers-club","1","0","1","0","0","0","0","1","0","1","Drama"
"dances-with-wolves","0","0","-1","0","0","-1","0","-1","0","1","Drama"
"dark-city","-1","-1","0","0","-1","0","-1","0","-1","-1","Thriller"
"darkman","0","-1","0","0","-1","0","-1","1","0","-1","Sci-Fi"
"date-night","0","0","0","0","0","0","-1","-1","1","-1","Comedy"
"dave-barry's-complete-guide-to-guys","-1","1","-1","-1","0","-1","1","-1","-1","1","Comedy"
"day-of-the-dead","1","-1","1","1","-1","1","-1","1","0","-1","Thriller"
"dead-poets-society","-1","0","-1","-1","1","-1","1","-1","0","1","Drama"
"deadpool","1","-1","1","1","0","1","0","1","1","-1","Adventure"
"dear-white-people","0","1","0","0","0","-1","1","-1","0","1","Drama"
"death-at-a-funeral","1","1","1","1","0","1","0","1","0","1","Comedy"
"death-to-smoochy","1","1","1","0","1","0","1","-1","1","1","Comedy"
"deception","-1","0","-1","-1","0","-1","0","-1","1","-1","Crime"
"deep-cover","1","0","1","1","1","1","0","1","1","1","Crime"
"defiance","1","0","1","1","0","1","1","0","0","1","Action"
"despicable-me-2","0","0","-1","0","0","-1","0","-1","1","0","Comedy"
"detroit-rock-city","1","0","1","0","0","1","0","0","1","0","Comedy"
"devil's-advocate","1","1","1","1","0","1","1","1","0","1","Horror"
"devil-in-a-blue-dress","0","0","0","-1","0","0","0","0","-1","0","Thriller"
"die-hard-2","1","0","0","1","-1","0","0","-1","-1","0","Action"
"die-hard","1","-1","-1","1","-1","0","0","-1","0","0","Action"
"diner","-1","1","-1","-1","1","-1","1","0","1","1","Drama"
"disturbia","-1","-1","-1","-1","-1","-1","-1","-1","0","-1","Thriller"
"dog-day-afternoon","1","0","0","1","0","1","0","1","0","1","Comedy"
"dogma","1","1","1","1","1","1","1","1","-1","1","Adventure"
"double-indemnity","-1","-1","-1","-1","-1","-1","-1","0","-1","-1","Film-Noir"
"drag-me-to-hell","-1","0","0","0","0","0","-1","1","0","0","Horror"
"drive-angry","1","-1","1","1","0","1","-1","0","-1","-1","Crime"
"drive","0","1","-1","0","1","-1","0","-1","1","0","Action"
"drop-dead-gorgeous","-1","1","-1","-1","1","-1","1","0","1","1","Comedy"
"dumb-and-dumber","-1","0","0","-1","0","0","0","0","1","-1","Adventure"
"dune","1","0","1","1","-1","1","0","1","1","-1","Adventure"
"e.t","-1","1","1","0","0","0","0","-1","-1","1","Fantasy"
"eagle-eye","0","-1","0","1","-1","0","-1","0","-1","0","Thriller"
"eastern-promises","0","-1","0","0","0","0","0","0","0","0","Thriller"
"easy-a","1","1","1","0","1","1","1","1","1","1","Romance"
"ed-wood","0","1","0","0","1","1","1","1","1","1","Comedy"
"eight-legged-freaks","0","-1","1","1","-1","0","-1","-1","-1","-1","Action"
"el-mariachi","1","-1","-1","1","0","1","-1","1","1","0","Western"
"election","-1","1","0","-1","1","-1","1","0","1","1","Comedy"
"elizabeth-the-golden-age","1","1","-1","1","1","0","1","0","1","1","Drama"
"enough","0","1","-1","0","0","0","0","-1","1","0","Thriller"
"entrapment","-1","-1","-1","-1","0","-1","0","-1","0","0","Comedy"
"erin-brockovic","0","1","1","-1","0","0","0","1","-1","0","Comedy"
"escape-from-l.a","1","-1","0","1","-1","1","-1","0","0","-1","Thriller"
"escape-from-new-york","1","1","0","1","-1","0","0","-1","-1","0","Adventure"
"eternal-sunshine-of-the-spotless-mind","-1","1","0","-1","1","0","0","1","0","-1","Drama"
"even-cowgirls-get-the-blues","-1","0","0","0","0","0","1","0","0","0","Comedy"
"event-horizon","-1","0","-1","1","-1","0","-1","1","-1","-1","Thriller"
"evil-dead-ii-dead-by-dawn","1","-1","1","1","-1","1","-1","1","1","-1","Comedy"
"ex-machina","-1","-1","-1","-1","-1","-1","-1","-1","-1","-1","Sci-Fi"
"excalibur","1","1","1","1","1","1","1","0","1","1","Adventure"
"existenz","0","0","1","1","0","1","0","0","0","0","Adventure"
"extract","1","1","1","0","1","1","1","1","1","1","Crime"
"face-off","1","0","1","1","-1","1","0","1","1","0","Crime"
"fair-game","-1","0","-1","-1","0","-1","1","-1","-1","1","Drama"
"fantastic-four","0","-1","-1","0","0","-1","0","-1","0","0","Fantasy"
"fantastic-mr-fox","0","-1","1","0","-1","0","-1","-1","1","-1","Adventure"
"fargo","0","1","-1","-1","0","-1","0","-1","1","1","Thriller"
"fast-times-at-ridgemont-high","-1","1","-1","-1","0","-1","0","-1","0","0","Drama"
"fatal-instinct","1","-1","0","0","-1","0","-1","0","-1","-1","Comedy"
"fear-and-loathing-in-las-vegas","1","0","1","1","0","1","0","1","0","0","Drama"
"feast","0","-1","0","0","-1","0","-1","0","-1","-1","Horror"
"ferris-bueller's-day-off","0","0","1","0","0","1","0","1","1","1","Comedy"
"field-of-dreams","-1","1","-1","-1","0","-1","0","-1","0","0","Fantasy"
"fight-club","1","-1","0","1","-1","1","-1","0","-1","-1","Action"
"final-destination-2","0","0","1","1","-1","1","-1","1","1","-1","Thriller"
"final-destination","0","-1","0","1","-1","0","-1","1","0","-1","Thriller"
"five-easy-pieces","0","-1","1","-1","1","-1","1","0","0","0","Drama"
"flash-gordon","1","-1","1","1","0","1","0","0","1","-1","Adventure"
"flight","-1","0","-1","0","0","0","0","1","-1","0","Drama"
"forrest-gump","-1","1","-1","-1","1","-1","0","-1","0","1","Drama"
"four-rooms","0","0","1","-1","0","0","0","0","0","-1","Drama"
"foxcatcher","-1","1","-1","-1","0","-1","1","-1","0","1","Drama"
"fracture","1","0","-1","1","-1","1","-1","1","1","0","Crime"
"frances","0","1","0","0","1","0","1","1","1","1","Drama"
"frankenweenie","0","-1","1","0","-1","0","-1","-1","1","-1","Comedy"
"freaked","1","0","1","1","0","1","-1","0","1","0","Comedy"
"freddy-vs.-jason","1","-1","1","1","-1","1","-1","1","-1","0","Fantasy"
"friday-the-13th-part-viii-jason-takes-manhattan","0","0","1","1","-1","1","-1","0","0","-1","Horror"
"friday-the-13th","-1","-1","-1","-1","-1","-1","-1","-1","-1","-1","Thriller"
"fright-night-(1985)","1","-1","1","1","-1","1","-1","1","0","-1","Comedy"
"fright-night","1","0","1","1","-1","1","-1","1","-1","0","Horror"
"from-dusk-till-dawn","1","-1","1","1","-1","1","-1","1","-1","0","Thriller"
"from-here-to-eternity","1","0","0","0","0","0","0","1","1","0","Drama"
"frozen-(disney)","0","0","-1","0","1","-1","1","-1","1","0","Comedy"
"frozen-river","0","0","-1","-1","0","-1","-1","-1","-1","0","Drama"
"frozen","0","0","1","1","-1","1","-1","1","-1","-1","Drama"
"fruitvale-station","0","0","-1","-1","0","-1","-1","-1","-1","-1","Drama"
"funny-people","1","1","1","0","1","1","1","1","1","1","Drama"
"g.i.-jane","-1","0","-1","0","-1","-1","1","-1","-1","1","Drama"
"g.i.-joe-the-rise-of-cobra","1","0","0","1","-1","1","0","1","0","0","Action"
"game-6","1","0","0","0","0","0","0","1","-1","0","Comedy"
"gamer","1","-1","1","0","-1","1","-1","0","-1","-1","Sci-Fi"
"gandhi","1","0","-1","1","0","1","1","0","1","1","Drama"
"gang-related","1","0","1","1","-1","1","-1","1","1","0","Drama"
"gangs-of-new-york","1","0","0","1","0","1","1","0","-1","0","Drama"
"garden-state","-1","1","0","-1","1","-1","1","-1","1","0","Drama"
"gattaca","-1","0","0","-1","-1","-1","0","-1","-1","-1","Sci-Fi"
"get-carter","0","-1","1","0","0","0","-1","1","-1","-1","Thriller"
"get-low","0","1","0","1","1","0","0","1","1","1","Mystery"
"get-on-up","-1","0","0","-1","0","-1","0","-1","0","1","Drama"
"ghost-rider","1","-1","1","1","-1","1","-1","1","-1","-1","Thriller"
"ghost-ship","-1","0","-1","-1","-1","-1","-1","-1","-1","-1","Thriller"
"ghost-world","-1","1","1","-1","1","0","1","0","1","1","Comedy"
"ghost","0","-1","0","1","-1","1","-1","0","1","-1","Romance"
"ghostbusters-2","0","0","1","0","0","-1","1","0","0","0","Adventure"
"ghostbusters","-1","-1","0","1","-1","-1","-1","-1","-1","-1","Sci-Fi"
"ginger-snaps","1","-1","1","1","-1","1","-1","1","-1","-1","Thriller"
"gladiator","1","0","1","1","0","1","1","1","0","1","Action"
"go","0","0","0","-1","0","-1","-1","-1","1","0","Crime"
"gods-and-monsters","-1","0","0","0","1","0","1","0","0","0","Drama"
"godzilla","-1","-1","0","1","-1","0","-1","-1","-1","-1","Thriller"
"gone-in-60-seconds","0","0","1","0","0","0","0","0","0","0","Crime"
"good-will-hunting","0","1","0","0","1","0","1","0","1","1","Drama"
"gothika","0","-1","0","1","-1","0","-1","0","-1","0","Mystery"
"gran-torino","1","1","1","1","1","1","1","1","1","0","Crime"
"grand-hotel","0","1","0","0","1","-1","1","0","1","1","Drama"
"grand-theft-parsons","0","-1","0","1","-1","1","-1","1","-1","0","Comedy"
"gremlins-2","-1","-1","-1","0","-1","-1","0","0","-1","0","Comedy"
"gremlins","-1","-1","1","1","0","0","-1","-1","-1","0","Horror"
"grosse-point-blank","-1","0","-1","-1","0","-1","0","0","-1","0","Romance"
"groundhog-day","-1","1","-1","-1","0","-1","1","-1","0","0","Fantasy"
"hackers","1","1","1","0","0","1","0","0","0","1","Thriller"
"hall-pass","-1","1","0","-1","1","-1","1","-1","1","1","Romance"
"hancock","1","-1","1","1","-1","1","0","1","-1","-1","Fantasy"
"hanna","0","0","-1","0","0","-1","-1","-1","-1","-1","Mystery"
"hannibal","1","1","0","1","1","1","1","1","1","1","Horror"
"hard-rain","1","1","0","1","0","1","-1","-1","0","0","Action"
"hard-to-kill","1","0","0","1","-1","0","0","1","0","0","Romance"
"harold-and-kumar-go-to-white-castle","1","1","1","1","0","1","0","1","0","0","Adventure"
"he's-just-not-that-into-you","-1","1","-1","-1","1","-1","1","-1","0","1","Romance"
"heat","-1","-1","-1","0","-1","-1","-1","0","-1","-1","Crime"
"heathers","1","-1","1","1","1","1","0","1","1","0","Comedy"
"heist","1","1","1","0","1","1","1","1","1","1","Crime"
"hellbound-hellraiser-ii","0","-1","1","0","0","0","-1","-1","0","-1","Horror"
"hellboy-2-the-golden-army","1","0","1","1","0","1","0","0","1","0","Action"
"hellboy","0","-1","0","0","-1","1","-1","0","-1","-1","Adventure"
"hellraiser-3-hell-on-ear","0","-1","1","0","-1","1","-1","1","0","-1","Horror"
"hellraiser-deader","-1","-1","1","0","-1","0","-1","0","-1","-1","Mystery"
"hellraiser-hellseeker","-1","-1","0","0","-1","0","-1","1","0","-1","Horror"
"hellraiser","0","-1","1","0","-1","0","-1","1","-1","-1","Horror"
"henry's-crime","0","1","0","0","1","-1","0","-1","1","1","Drama"
"henry-fool","0","-1","1","-1","0","0","0","0","-1","0","Drama"
"her","-1","1","-1","-1","1","-1","1","0","1","1","Sci-Fi"
"hesher","-1","-1","1","-1","-1","0","-1","1","-1","-1","Drama"
"high-fidelity","0","1","1","-1","1","0","1","1","0","0","Comedy"
"highlander","0","-1","0","1","0","0","0","1","0","0","Fantasy"
"his-girl-friday","1","1","0","1","0","0","0","0","0","1","Romance"
"hitchcock","-1","0","0","-1","0","-1","1","-1","0","0","Drama"
"hollow-man","0","-1","-1","0","-1","-1","-1","-1","-1","-1","Horror"
"honeydripper","0","1","0","-1","1","0","1","0","0","1","Drama"
"horrible-bosses","1","0","1","1","0","1","-1","1","-1","-1","Comedy"
"hostage","1","-1","0","1","-1","0","-1","0","-1","-1","Action"
"hot-tub-time-machine","1","1","1","0","1","0","1","1","1","1","Sci-Fi"
"hotel-rwanda","0","0","-1","0","1","0","1","0","1","1","Thriller"
"house-of-1000-corpses","1","-1","1","0","0","1","-1","1","0","0","Horror"
"how-to-lose-friends-&-alienate-people","-1","0","1","-1","1","0","1","0","1","0","Comedy"
"how-to-train-your-dragon-2","0","0","-1","1","0","0","1","-1","1","0","Action"
"how-to-train-your-dragon","1","-1","0","1","-1","1","-1","-1","0","-1","Adventure"
"hudson-hawk","1","-1","1","1","0","0","0","0","1","0","Crime"
"human-nature","-1","1","1","-1","1","0","1","0","1","1","Comedy"
"i'll-do-anything","0","1","0","-1","1","0","1","1","1","1","Drama"
"i,-robot","0","-1","-1","1","-1","0","-1","0","-1","-1","Action"
"i-am-number-four","1","-1","0","1","-1","1","-1","0","0","-1","Thriller"
"i-am-sam","0","1","0","-1","1","-1","1","0","1","1","Drama"
"i-love-you-phillip-morris","0","1","1","0","1","0","1","1","0","1","Comedy"
"i-spit-on-your-grave","0","-1","1","0","-1","1","-1","0","1","-1","Thriller"
"i-still-know-what-you-did-last-summer","-1","-1","0","0","0","-1","-1","-1","-1","-1","Thriller"
"in-the-bedroom","-1","-1","-1","-1","-1","-1","-1","-1","-1","-1","Crime"
"in-the-loop","0","0","0","0","-1","1","0","0","-1","0","Comedy"
"inception","-1","-1","-1","-1","-1","-1","0","-1","-1","0","Action"
"indiana-jones-and-the-last-crusade","0","-1","-1","1","-1","0","-1","-1","-1","-1","Action"
"indiana-jones-and-the-raiders-of-the-lost-ark","1","0","0","0","-1","0","0","-1","-1","0","Action"
"indiana-jones-and-the-temple-of-doom","1","-1","1","1","0","1","0","1","1","-1","Action"
"indiana-jones-iv","0","0","0","0","0","-1","0","-1","0","1","Adventure"
"insidious","-1","-1","0","0","-1","0","-1","1","-1","-1","Horror"
"insomnia","-1","-1","0","0","-1","-1","-1","0","-1","-1","Thriller"
"interstellar","-1","0","-1","-1","-1","-1","-1","0","-1","0","Drama"
"interview-with-the-vampire","1","1","1","1","1","1","1","1","1","0","Drama"
"into-the-wild","-1","1","-1","-1","1","-1","0","-1","0","1","Adventure"
"into-the-woods","0","1","1","0","1","0","1","-1","1","1","Drama"
"intolerable-cruelty","1","1","0","0","1","0","1","1","1","1","Comedy"
"inventing-the-abbotts","-1","0","-1","-1","1","-1","0","-1","0","0","Romance"
"invictus","0","0","-1","0","0","-1","1","-1","-1","1","Drama"
"it's-a-wonderful-life","0","1","0","-1","1","-1","1","-1","1","1","Drama"
"it's-complicated","-1","1","-1","-1","1","-1","1","-1","1","0","Comedy"
"jackie-brown","1","1","0","0","1","0","0","0","1","1","Comedy"
"jacob's-ladder","1","-1","1","1","0","1","0","1","1","-1","Drama"
"jane-eyre","1","1","1","1","1","1","1","1","1","1","Romance"
"jason-x","1","0","1","0","-1","1","-1","1","-1","-1","Sci-Fi"
"jaws-2","0","-1","0","1","0","0","0","0","0","-1","Horror"
"jaws","0","-1","0","0","0","1","-1","-1","0","-1","Thriller"
"jay-and-silent-bob-strike-back","1","0","1","0","-1","1","-1","-1","0","0","Comedy"
"jennifer's-body","1","-1","1","1","0","1","0","1","0","0","Horror"
"jennifer-eight","0","0","1","1","0","1","-1","1","0","0","Mystery"
"jimmy-and-judy","1","1","1","0","1","1","1","0","1","0","Action"
"judge-dredd","1","-1","0","1","-1","1","0","1","-1","1","Crime"
"juno","-1","0","1","-1","1","0","1","0","0","1","Comedy"
"jurassic-park-the-lost-world","-1","-1","0","0","-1","-1","-1","-1","-1","-1","Thriller"
"kalifornia","0","-1","0","0","-1","0","-1","0","-1","-1","Crime"
"kate-&-leopold","-1","1","-1","-1","1","-1","1","-1","1","0","Romance"
"kids","0","1","1","-1","1","0","1","0","1","1","Drama"
"kill-bill-volume-1-&-2","1","0","1","1","0","1","-1","1","-1","-1","Action"
"kill-your-darlings","0","-1","-1","0","0","0","0","1","0","0","Romance"
"killing-zoe","0","0","0","1","0","1","0","0","-1","0","Drama"
"king-kong","0","0","0","0","-1","1","0","-1","0","-1","Thriller"
"klute","-1","0","-1","-1","0","-1","0","0","0","-1","Thriller"
"knocked-up","1","1","1","0","1","0","1","0","1","0","Comedy"
"kramer-vs-kramer","0","1","0","-1","1","-1","1","1","0","1","Drama"
"kundun","-1","1","1","-1","1","1","1","0","1","1","Drama"
"kung-fu-panda","1","1","0","0","0","1","1","0","1","0","Comedy"
"l.a.-confidential","0","-1","0","0","-1","0","0","0","-1","1","Mystery"
"la-la-land","-1","1","-1","-1","1","-1","1","-1","0","0","Comedy"
"labor-of-love","-1","-1","-1","-1","0","-1","0","-1","-1","1","Romance"
"labyrinth","0","0","0","0","1","1","1","0","1","-1","Fantasy"
"lake-placid","1","-1","1","1","-1","1","-1","1","1","-1","Action"
"land-of-the-dead","1","-1","0","0","-1","0","-1","0","-1","-1","Horror"
"larry-crowne","-1","0","-1","-1","0","-1","1","-1","0","0","Romance"
"last-chance-harvey","-1","1","-1","-1","1","-1","1","-1","1","0","Romance"
"last-tango-in-paris","-1","1","1","0","1","0","1","1","1","0","Romance"
"law-abiding-citizen","1","-1","0","1","-1","1","-1","1","-1","0","Thriller"
"legion","1","0","1","1","0","1","-1","1","0","-1","Thriller"
"les-miserables","1","1","1","1","1","1","1","1","-1","1","Romance"
"leviathan","-1","-1","0","0","-1","0","-1","1","1","-1","Horror"
"liar-liar","1","1","1","1","1","1","1","1","1","1","Comedy"
"life-of-pi","-1","-1","-1","0","0","0","-1","-1","-1","-1","Drama"
"life","1","1","1","0","1","0","0","0","0","1","Drama"
"limitless","0","-1","1","0","0","-1","0","-1","0","0","Mystery"
"lincoln","1","1","1","1","1","1","1","1","0","1","Drama"
"little-athens","1","-1","1","-1","-1","1","-1","0","-1","-1","Comedy"
"little-nicky","1","1","1","1","1","1","0","1","1","0","Fantasy"
"living-in-oblivion","-1","1","-1","-1","0","-1","1","0","1","-1","Comedy"
"lock,-stock-and-two-smoking-barrels","1","1","1","1","0","1","0","0","1","0","Thriller"
"logan's-run","0","0","-1","1","0","0","0","-1","0","-1","Sci-Fi"
"lone-star","0","0","0","0","0","0","0","1","0","1","Drama"
"looper","1","-1","0","1","-1","0","-1","0","-1","-1","Sci-Fi"
"lord-of-illusions","1","0","1","1","-1","1","-1","1","0","-1","Horror"
"lord-of-war","1","0","0","1","0","1","0","-1","0","1","Drama"
"lost-highway","0","-1","0","0","-1","-1","-1","-1","-1","-1","Drama"
"lost-horizon","-1","1","0","0","1","0","1","0","1","1","Adventure"
"lost-in-space","-1","1","0","1","0","0","1","-1","-1","0","Adventure"
"lost-in-translation","-1","0","-1","-1","1","-1","0","-1","0","0","Romance"
"love-and-basketball","1","1","1","0","1","0","0","0","1","0","Drama"
"machete","1","1","1","1","0","1","0","1","0","1","Thriller"
"machine-gun-preacher","0","1","0","0","0","1","0","1","-1","1","Crime"
"magnolia","1","0","0","0","0","0","0","1","0","0","Drama"
"major-league","0","-1","-1","-1","-1","-1","-1","-1","-1","-1","Comedy"
"malibu's-most-wanted","1","0","1","1","1","1","1","1","1","1","Comedy"
"man-in-the-iron-mask","1","0","1","1","1","1","1","1","1","1","Action"
"man-on-fire","0","0","-1","0","0","0","0","0","-1","1","Thriller"
"man-on-the-moon","1","1","1","0","1","1","0","1","0","1","Comedy"
"man-trouble","0","-1","0","0","-1","-1","-1","0","-1","0","Comedy"
"margaret","1","1","0","1","1","1","1","1","1","1","Drama"
"margin-call","-1","1","-1","-1","0","-1","0","-1","0","-1","Thriller"
"margot-at-the-wedding","0","1","1","-1","1","0","0","0","1","0","Comedy"
"mariachi,-e","1","-1","-1","1","0","1","-1","1","1","0","Action"
"marley-&-me","-1","1","-1","-1","1","-1","0","-1","1","0","Family"
"martha-marcy-may-marlene","0","1","-1","-1","1","-1","1","0","0","-1","Drama"
"master-and-commander","1","1","0","1","-1","1","0","0","0","0","Drama"
"max-payne","-1","-1","-1","0","-1","0","-1","1","-1","-1","Drama"
"mean-streets","0","1","0","0","1","0","1","1","1","0","Crime"
"meet-joe-black","-1","1","-1","-1","1","-1","1","-1","1","1","Drama"
"megamind","0","1","0","1","1","0","1","0","1","1","Animation"
"men-in-black-3","1","1","1","1","0","0","1","1","0","1","Sci-Fi"
"men-in-black","-1","-1","1","0","-1","0","-1","-1","-1","-1","Sci-Fi"
"metro","1","-1","-1","1","-1","0","-1","-1","-1","0","Drama"
"miami-vice","0","0","-1","0","0","-1","0","-1","-1","1","Action"
"midnight-cowboy","0","-1","1","-1","0","1","0","1","1","-1","Drama"
"midnight-express","1","-1","1","1","-1","1","-1","1","0","-1","Thriller"
"midnight-in-paris","0","1","-1","0","1","0","1","1","1","1","Comedy"
"mighty-morphin-power-rangers-the-movie","1","1","1","1","0","0","0","-1","1","0","Action"
"milk","1","1","1","0","1","1","1","1","1","1","Drama"
"mimic","-1","-1","1","0","-1","0","-1","0","-1","-1","Thriller"
"mini's-first-time","0","1","0","0","1","0","1","1","1","1","Comedy"
"mirrors","-1","0","0","1","-1","0","0","0","-1","0","Horror"
"mission-impossible-ii","0","-1","-1","1","-1","0","-1","0","-1","0","Mystery"
"mission-impossible","-1","-1","-1","-1","-1","-1","-1","-1","-1","-1","Thriller"
"mission-to-mars","-1","0","-1","0","0","-1","0","-1","0","-1","Sci-Fi"
"moneyball","0","1","-1","-1","1","-1","1","0","1","1","Drama"
"monkeybone","-1","-1","0","-1","0","0","0","-1","0","-1","Animation"
"monte-carlo","-1","-1","-1","-1","0","-1","1","-1","0","0","Adventure"
"moon","-1","0","0","-1","0","-1","0","-1","0","-1","Sci-Fi"
"moonrise-kingdom","-1","-1","0","-1","-1","-1","-1","-1","-1","0","Romance"
"moonstruck","-1","1","-1","-1","1","-1","1","1","1","0","Romance"
"mr-blandings-builds-his-dream-house","-1","-1","-1","-1","0","-1","0","-1","0","-1","Comedy"
"mr-brooks","0","0","-1","0","0","-1","-1","0","0","-1","Drama"
"mr-deeds-goes-to-town","0","1","-1","0","1","-1","1","0","1","1","Comedy"
"mrs.-brown","-1","1","-1","-1","0","-1","1","-1","-1","1","Romance"
"mud","-1","-1","0","-1","-1","-1","-1","-1","-1","0","Drama"
"mulholland-drive","-1","-1","-1","-1","0","-1","-1","0","0","-1","Mystery"
"mumford","0","1","1","0","1","0","1","0","1","1","Comedy"
"music-of-the-heart","-1","1","-1","-1","1","-1","1","1","0","1","Drama"
"my-best-friend's-wedding","0","1","0","-1","1","0","1","0","1","1","Comedy"
"my-mother-dreams-the-satan's-disciples-in-new-york","-1","0","-1","-1","1","0","1","1","0","0","Short"
"my-week-with-marilyn","-1","1","0","-1","1","0","1","0","1","1","Drama"
"nashville","-1","1","-1","-1","1","-1","1","1","1","1","Drama"
"natural-born-killers","1","0","1","1","0","1","0","1","0","0","Thriller"
"new-york-minute","-1","0","0","-1","0","-1","0","-1","0","0","Family"
"newsies","1","1","0","0","1","1","1","-1","1","1","Family"
"next-friday","1","1","1","0","0","1","-1","0","0","-1","Comedy"
"next","1","1","-1","1","-1","0","0","0","1","-1","Action"
"nick-of-time","1","-1","-1","1","-1","0","0","-1","-1","-1","Drama"
"nightbreed","1","-1","1","1","-1","1","-1","1","0","-1","Fantasy"
"nightmare-on-elm-street-the-final-chapter","1","-1","1","1","-1","1","-1","1","0","-1","Comedy"
"nine","-1","1","-1","-1","1","0","1","0","0","0","Musical"
"ninja-assassin","1","-1","0","1","-1","1","-1","1","0","0","Drama"
"no-country-for-old-men","-1","-1","-1","-1","-1","-1","-1","0","-1","-1","Crime"
"no-strings-attached","0","1","1","-1","1","0","1","1","0","1","Comedy"
"oblivion","-1","0","-1","0","-1","0","-1","0","-1","-1","Action"
"observe-and-report","1","1","1","1","1","1","1","0","0","1","Comedy"
"obsessed","-1","1","0","-1","1","-1","0","0","1","-1","Thriller"
"oceans-eleven","0","0","-1","0","0","-1","0","-1","-1","0","Crime"
"oceans-twelve","-1","-1","-1","-1","0","-1","0","-1","0","1","Thriller"
"one-flew-over-the-cuckoo's-nest","0","0","-1","0","0","-1","-1","-1","-1","-1","Drama"
"only-god-forgives","1","0","-1","1","0","0","0","0","0","0","Drama"
"ordinary-people","0","1","1","0","1","1","1","1","1","1","Drama"
"orphan","0","0","0","1","1","1","0","1","1","0","Mystery"
"out-of-sight","0","0","-1","0","-1","0","-1","-1","-1","-1","Crime"
"pandorum","0","-1","-1","1","-1","0","-1","0","-1","-1","Horror"
"panic-room","-1","-1","-1","0","-1","-1","-1","-1","-1","-1","Crime"
"papadopoulos-&-sons","-1","1","-1","-1","1","-1","1","0","1","1","Comedy"
"paranorman","1","-1","1","1","-1","1","-1","0","-1","-1","Adventure"
"pariah","-1","-1","0","-1","1","-1","0","0","-1","0","Drama"
"paul","0","0","1","0","0","0","0","-1","0","0","Adventure"
"peeping-tom","-1","0","-1","-1","0","-1","0","-1","1","-1","Thriller"
"peggy-sue-got-married","-1","1","-1","-1","1","-1","1","0","1","1","Comedy"
"perfect-creature","0","0","1","1","0","1","-1","0","-1","-1","Action"
"pet-sematary-ii","0","-1","1","1","-1","1","-1","1","-1","0","Horror"
"pet-sematary","-1","0","1","0","0","1","-1","1","0","0","Horror"
"petulia","-1","0","1","0","1","1","0","1","1","0","Drama"
"philadelphia","0","1","1","1","1","0","1","1","-1","1","Drama"
"phone-booth","1","1","1","1","-1","1","0","1","1","1","Thriller"
"pi","-1","-1","0","-1","-1","-1","-1","-1","-1","-1","Thriller"
"pineapple-express","1","0","1","1","-1","1","-1","1","-1","0","Thriller"
"pirates-of-the-caribbean-the-curse-of-the-black-pearl","1","1","0","0","0","1","0","0","0","0","Comedy"
"pitch-black","0","0","0","1","-1","1","-1","1","0","-1","Thriller"
"platinum-blonde","0","0","0","-1","0","0","1","0","1","1","Romance"
"pleasantville","-1","0","-1","-1","1","-1","0","-1","1","0","Fantasy"
"point-break","1","-1","0","0","-1","0","-1","0","0","-1","Drama"
"precious","-1","1","0","-1","1","-1","0","0","-1","1","Drama"
"predator","1","-1","1","1","-1","0","-1","-1","-1","0","Sci-Fi"
"pretty-woman","-1","1","-1","-1","1","-1","1","-1","1","0","Comedy"
"pride-and-prejudice","-1","1","-1","-1","1","0","1","0","1","1","Romance"
"priest","1","-1","1","1","-1","1","-1","0","-1","-1","Action"
"prom-night","-1","-1","0","-1","0","-1","-1","0","0","-1","Thriller"
"prometheus","0","-1","0","1","-1","0","-1","1","-1","-1","Sci-Fi"
"psycho","-1","-1","0","-1","0","0","-1","1","-1","-1","Thriller"
"public-enemies","1","0","-1","1","0","0","0","0","0","0","Thriller"
"pulp-fiction","1","0","1","1","0","1","0","1","0","-1","Crime"
"purple-rain","0","-1","-1","-1","1","0","0","0","0","-1","Drama"
"quantum-project","-1","-1","-1","-1","-1","-1","-1","-1","-1","-1","Drama"
"queen-of-the-damned","0","0","1","1","1","0","0","1","1","-1","Horror"
"rachel-getting-married","-1","1","0","-1","1","-1","1","0","0","1","Romance"
"raging-bull","1","1","0","1","1","1","1","1","1","1","Drama"
"raising-arizona","0","-1","0","0","0","0","0","-1","0","-1","Comedy"
"rambling-rose","1","0","1","1","1","1","1","1","1","0","Drama"
"rear-window","-1","-1","-1","-1","-1","-1","-1","-1","-1","-1","Thriller"
"red-riding-hood","1","1","1","1","0","1","0","1","1","1","Fantasy"
"reindeer-games","1","-1","0","0","0","0","-1","-1","-1","-1","Drama"
"remember-me","-1","0","0","-1","1","-1","0","0","0","0","Romance"
"reservoir-dogs","1","0","1","1","-1","1","-1","1","0","1","Thriller"
"revolutionary-road","0","0","0","-1","1","-1","1","0","1","0","Drama"
"ringu","-1","0","-1","-1","-1","-1","-1","-1","0","-1","Thriller"
"rise-of-the-guardians","-1","0","-1","0","0","-1","0","-1","1","-1","Family"
"rise-of-the-planet-of-the-apes","-1","1","-1","0","0","0","-1","1","0","0","Sci-Fi"
"rko-281","-1","0","0","0","1","0","1","0","1","0","Drama"
"robin-hood-prince-of-thieves","1","0","1","1","1","1","1","1","1","1","Adventure"
"rocknrolla","1","0","0","0","0","1","0","0","1","0","Action"
"romeo-&-julie","1","1","1","1","1","1","1","1","1","1","Drama"
"ronin","1","0","0","1","-1","1","0","0","1","0","Crime"
"room","-1","-1","-1","-1","0","-1","-1","-1","-1","0","Drama"
"roughshod","-1","-1","-1","-1","-1","-1","-1","-1","-1","-1","Western"
"runaway-bride","-1","1","-1","-1","1","-1","1","-1","0","1","Comedy"
"rush-hour-2","1","1","-1","1","0","1","0","0","0","1","Crime"
"rush","1","1","1","1","1","1","0","1","1","0","Action"
"rushmore","-1","0","-1","-1","0","-1","0","-1","-1","0","Comedy"
"rust-and-bone","0","0","-1","-1","0","-1","-1","-1","0","-1","Drama"
"s.-darko","-1","0","0","-1","-1","-1","0","-1","-1","-1","Sci-Fi"
"save-the-last-dance","1","1","1","-1","1","1","1","0","1","1","Romance"
"saving-mr.-banks","-1","0","0","-1","1","-1","1","-1","1","1","Comedy"
"saving-private-ryan","1","0","1","1","-1","1","1","0","-1","1","Drama"
"schindler's-list","0","0","0","0","0","0","0","0","0","1","War"
"scott-pilgrim-vs-the-world","1","0","1","0","0","1","-1","1","0","-1","Comedy"
"scream-2","0","0","0","0","-1","0","-1","0","-1","-1","Horror"
"scream-3","1","-1","1","1","-1","1","0","1","0","0","Horror"
"scream","0","0","1","0","-1","0","-1","0","-1","0","Mystery"
"se7en","1","-1","1","0","-1","0","-1","0","-1","-1","Thriller"
"semi-pro","1","1","1","0","1","-1","1","-1","0","1","Comedy"
"sense-and-sensibility","0","1","-1","0","1","1","1","1","1","1","Drama"
"serenity","1","0","0","1","-1","1","-1","1","0","-1","Action"
"sex-and-the-city","-1","1","-1","-1","1","-1","1","-1","1","0","Comedy"
"sexual-life","-1","1","-1","-1","1","-1","1","-1","0","1","Drama"
"shakespeare-in-love","0","1","1","0","1","1","1","1","1","1","Drama"
"shallow-grave","-1","0","-1","-1","-1","-1","-1","0","-1","-1","Drama"
"shame","-1","-1","0","-1","0","0","-1","0","-1","-1","Drama"
"she's-out-of-my-league","0","1","0","-1","1","0","1","-1","1","1","Romance"
"sherlock-holmes","0","-1","0","1","-1","0","0","0","0","0","Adventure"
"shifty","-1","-1","0","-1","-1","0","0","-1","-1","-1","Thriller"
"shivers","-1","-1","1","0","-1","-1","-1","-1","0","-1","Horror"
"shrek-the-third","-1","0","1","0","1","0","1","-1","1","0","Adventure"
"sideways","-1","1","0","-1","1","-1","1","-1","1","1","Adventure"
"signs","-1","-1","-1","-1","-1","-1","-1","-1","-1","-1","Thriller"
"silence-of-the-lambs","0","-1","0","0","0","0","0","0","-1","0","Thriller"
"silver-bulle","0","0","1","0","0","1","-1","1","0","0","Horror"
"silver-linings-playbook","1","1","1","1","1","1","1","1","1","1","Romance"
"simone","-1","0","-1","-1","1","-1","1","0","1","1","Sci-Fi"
"sister-act","0","1","0","0","1","0","1","0","1","1","Musical"
"sleepless-in-seattle","-1","1","-1","-1","1","-1","1","-1","0","-1","Drama"
"sleepy-hollow","1","-1","1","1","-1","1","-1","1","-1","1","Mystery"
"sling-blade","-1","1","1","-1","1","0","1","0","1","1","Drama"
"slither","0","-1","1","1","-1","1","-1","1","-1","-1","Horror"
"slumdog-millionaire","0","0","1","-1","1","-1","0","-1","0","-1","Drama"
"smashed","0","1","1","-1","1","0","1","0","1","1","Comedy"
"smokin'-aces","1","-1","1","1","-1","1","-1","0","-1","-1","Action"
"snatch","1","-1","1","1","-1","1","-1","1","1","-1","Comedy"
"snow-falling-on-cedars","1","0","0","0","0","1","1","1","0","1","Drama"
"snow-white-and-the-huntsman","1","0","1","1","1","1","1","1","1","1","Action"
"so-i-married-an-axe-murderer","-1","1","0","0","1","-1","1","0","1","1","Romance"
"solaris","0","0","0","0","-1","1","-1","1","-1","-1","Romance"
"soldier","1","-1","1","1","-1","1","-1","1","0","-1","Sci-Fi"
"someone-to-watch-over-me","-1","0","-1","0","0","0","0","1","-1","0","Drama"
"something's-gotta-give","-1","1","-1","-1","1","-1","1","0","1","1","Comedy"
"source-code","0","-1","0","1","-1","0","-1","0","-1","-1","Thriller"
"south-park","1","1","1","1","1","1","1","1","1","1","Comedy"
"spanglish","-1","1","-1","-1","1","0","1","1","1","1","Comedy"
"spare-me","-1","-1","-1","0","0","0","-1","0","-1","0","Thriller"
"spartan","-1","-1","-1","-1","-1","-1","-1","-1","-1","-1","Crime"
"speed-racer","0","1","-1","0","0","0","0","0","0","0","Family"
"sphere","-1","-1","0","1","-1","0","-1","0","-1","-1","Thriller"
"spider-man","1","0","1","0","0","1","0","0","1","-1","Sci-Fi"
"st.-elmo's-fire","0","1","1","0","1","0","1","1","1","1","Drama"
"star-trek-nemesis","1","1","-1","1","0","0","1","0","0","1","Drama"
"star-trek","0","1","0","0","0","1","1","1","1","1","Adventure"
"star-wars-1","1","1","1","1","0","1","1","-1","1","1","Action"
"star-wars-2","1","1","-1","1","1","1","1","1","1","1","Adventure"
"star-wars-3","1","1","1","1","0","1","1","0","0","1","Action"
"star-wars-4","1","1","0","1","-1","1","0","-1","0","0","Adventure"
"star-wars-5","1","1","0","1","-1","1","0","0","0","0","Sci-Fi"
"star-wars-7","1","1","1","1","0","1","0","1","1","1","Action"
"starman","-1","-1","-1","0","-1","-1","-1","-1","-1","0","Sci-Fi"
"state-and-main","-1","0","-1","-1","0","-1","0","-1","-1","1","Comedy"
"station-west","1","0","-1","0","0","0","0","-1","1","1","Western"
"storytelling","0","1","1","0","1","0","1","1","0","1","Drama"
"strange-days","0","-1","0","1","-1","0","-1","0","-1","-1","Action"
"strangers-on-a-train","0","0","0","0","0","0","-1","-1","0","0","Thriller"
"sugar","-1","0","-1","-1","1","-1","0","-1","-1","1","Drama"
"sunset-blvd","-1","0","-1","-1","0","-1","0","1","-1","-1","Drama"
"sunshine-cleaning","-1","0","1","-1","0","-1","0","-1","-1","0","Comedy"
"super-8","0","0","1","1","-1","1","-1","1","0","-1","Thriller"
"superbad","1","0","1","0","1","1","0","1","0","0","Comedy"
"supergirl","0","-1","0","1","0","0","0","0","0","0","Action"
"surrogates","0","-1","0","0","-1","1","-1","1","-1","-1","Sci-Fi"
"suspect-zero","0","-1","0","1","-1","1","-1","1","-1","-1","Thriller"
"sweeney-todd-the-demon-barber-of-fleet-street","0","1","1","1","1","1","1","1","1","1","Drama"
"swordfish","0","-1","-1","0","0","-1","0","-1","0","1","Thriller"
"synecdoche,-new-york","-1","1","1","-1","1","0","0","1","-1","0","Comedy"
"syriana","0","0","-1","0","1","-1","1","-1","-1","1","Drama"
"take-shelter","-1","-1","-1","-1","-1","-1","-1","-1","-1","0","Thriller"
"taking-lives","1","0","0","1","0","1","-1","1","0","0","Horror"
"taking-sides","0","1","0","-1","1","0","1","1","1","1","Music"
"tall-in-the-saddle","1","-1","-1","0","-1","-1","-1","-1","1","0","Western"
"tamara-drewe","0","0","1","0","1","1","1","1","1","-1","Romance"
"ted","0","1","0","0","1","-1","1","-1","1","0","Fantasy"
"terminator-2-judgement-day","0","-1","-1","1","-1","0","-1","-1","-1","-1","Action"
"terminator-salvation","0","-1","0","0","-1","0","-1","-1","-1","-1","Thriller"
"the-abyss","0","-1","0","1","-1","0","-1","0","-1","-1","Sci-Fi"
"the-addams-family","1","0","1","1","1","1","0","1","0","0","Fantasy"
"the-adventures-of-buckaroo-banzai-across-the-eighth-dimension","0","-1","1","1","-1","1","0","0","0","0","Sci-Fi"
"the-american","-1","0","-1","-1","0","-1","0","-1","-1","0","Thriller"
"the-amityville-asylum","1","0","0","1","-1","1","0","1","-1","0","Horror"
"the-anniversary-party","-1","1","1","-1","1","0","1","0","1","1","Drama"
"the-artist","-1","0","-1","-1","1","-1","1","-1","1","0","Drama"
"the-assignment","1","0","0","1","0","1","-1","1","-1","0","Thriller"
"the-avengers","1","-1","-1","1","-1","0","0","0","-1","1","Adventure"
"the-bachelor-party","-1","0","-1","-1","1","-1","0","0","1","-1","Drama"
"the-back-up-plan","-1","1","1","-1","1","-1","1","-1","1","1","Romance"
"the-battle-of-shaker-heights","-1","0","0","-1","1","-1","1","0","1","0","Comedy"
"the-believer","1","0","1","1","0","1","0","1","0","0","Drama"
"the-best-exotic-marigold-hotel","-1","1","-1","-1","1","-1","1","-1","1","1","Comedy"
"the-big-blue","-1","0","-1","-1","1","-1","1","-1","1","0","Drama"
"the-big-white","0","0","0","0","-1","0","0","0","-1","0","Comedy"
"the-birds","-1","-1","-1","-1","-1","-1","-1","-1","-1","-1","Horror"
"the-black-dahlia","1","-1","1","0","0","1","-1","1","0","0","Drama"
"the-blind-side","-1","0","-1","-1","0","-1","1","-1","-1","1","Drama"
"the-bling-ring","0","0","-1","0","1","-1","1","-1","-1","1","Crime"
"the-book-of-eli","0","-1","1","0","0","0","0","0","-1","1","Adventure"
"the-boondock-saints","1","-1","1","0","0","1","0","1","0","0","Drama"
"the-bourne-identity","1","-1","-1","1","-1","0","-1","1","-1","-1","Mystery"
"the-bourne-supremacy","0","0","-1","0","-1","-1","-1","0","-1","-1","Adventure"
"the-bourne-ultimatum","0","-1","-1","0","-1","-1","-1","-1","-1","-1","Adventure"
"the-box","-1","-1","-1","-1","-1","-1","0","-1","-1","0","Mystery"
"the-breakfast-club","1","-1","1","0","0","1","0","1","1","1","Comedy"
"the-brothers-bloom","0","0","0","-1","0","-1","0","0","0","0","Drama"
"the-butterfly-effect","0","0","1","0","0","1","0","1","1","0","Fantasy"
"the-cell","-1","0","1","1","0","1","0","0","-1","0","Sci-Fi"
"the-change-up","0","1","1","-1","1","-1","1","-1","0","1","Comedy"
"the-cider-house-rules","-1","1","0","-1","1","-1","1","0","1","0","Drama"
"the-cincinnati-kid","-1","1","-1","-1","0","-1","1","-1","1","0","Drama"
"the-cooler","0","1","0","-1","1","-1","0","0","1","0","Comedy"
"the-croods","0","0","0","1","0","0","-1","-1","1","-1","Adventure"
"the-crow-city-of-angels","0","-1","0","0","-1","1","-1","1","-1","-1","Action"
"the-crow","1","-1","1","1","-1","1","-1","1","-1","-1","Thriller"
"the-curious-case-of-benjamin-button","-1","1","-1","-1","1","-1","1","1","0","0","Mystery"
"the-damned-united","0","1","0","0","1","-1","1","0","1","1","Drama"
"the-dark-knight-rises","1","0","0","1","-1","1","0","1","0","0","Crime"
"the-day-the-clown-cried","-1","0","1","0","1","0","1","0","1","0","Drama"
"the-day-the-earth-stood-still","-1","0","-1","1","-1","-1","1","-1","0","0","Drama"
"the-debt","-1","-1","-1","0","0","0","-1","0","1","-1","Thriller"
"the-deer-hunter","1","-1","0","1","0","1","-1","1","-1","-1","Drama"
"the-departed","1","0","0","1","0","1","0","0","0","1","Crime"
"the-descendants","-1","1","1","-1","1","0","1","1","1","1","Drama"
"the-distinguished-gentleman","0","1","0","-1","1","-1","1","-1","1","1","Comedy"
"the-doors","1","1","1","1","1","1","1","1","1","-1","Biography"
"the-fabulous-baker-boys","-1","0","-1","-1","1","-1","0","0","0","0","Drama"
"the-family-man","-1","0","-1","-1","1","-1","1","-1","1","0","Comedy"
"the-fault-in-our-stars","0","1","1","0","1","1","1","1","1","1","Drama"
"the-fifth-element","0","0","-1","1","0","1","1","0","0","0","Fantasy"
"the-fighter","1","0","0","1","0","1","0","1","0","1","Drama"
"the-flintstones","0","0","0","0","0","0","0","-1","1","0","Fantasy"
"the-french-connection","1","-1","-1","1","-1","0","-1","1","1","-1","Action"
"the-fugitive","-1","-1","-1","1","-1","-1","-1","-1","-1","-1","Adventure"
"the-getaway","-1","-1","-1","-1","-1","-1","-1","-1","0","-1","Action"
"the-godfather-part-ii","0","1","-1","-1","1","-1","1","-1","1","1","Crime"
"the-godfather","-1","0","-1","0","1","0","0","1","1","1","Drama"
"the-graduate","-1","1","-1","-1","0","-1","0","-1","0","0","Romance"
"the-green-mile","1","0","1","1","0","1","-1","1","1","-1","Drama"
"the-grifters","0","1","-1","-1","1","0","1","0","1","1","Crime"
"the-grudge","-1","-1","0","-1","-1","0","-1","0","-1","-1","Horror"
"the-hangover","0","1","1","0","1","0","1","0","0","1","Comedy"
"the-haunting","0","-1","0","0","-1","0","-1","1","-1","-1","Mystery"
"the-hebrew-hammer","0","1","0","-1","1","-1","1","-1","1","1","Comedy"
"the-help","-1","1","-1","-1","1","-1","1","-1","0","0","Drama"
"the-hills-have-eyes","1","-1","1","1","0","1","-1","1","-1","-1","Thriller"
"the-hitchhiker's-guide-to-the-galaxy","0","0","0","0","0","-1","0","-1","-1","0","Comedy"
"the-horse-whisperer","-1","0","-1","-1","1","-1","1","-1","0","1","Romance"
"the-hudsucker-proxy","-1","1","-1","-1","0","-1","0","-1","0","0","Comedy"
"the-ice-storm","-1","-1","-1","-1","0","-1","-1","-1","0","-1","Drama"
"the-ides-of-march","0","1","-1","-1","0","-1","1","-1","1","1","Drama"
"the-imaginarium-of-doctor-parnassus","1","1","1","1","1","1","1","1","1","0","Fantasy"
"the-insider","0","-1","-1","-1","-1","-1","0","-1","-1","1","Thriller"
"the-invention-of-lying","1","1","1","0","1","0","1","1","1","1","Comedy"
"the-iron-lady","0","0","-1","0","0","0","1","0","0","1","Drama"
"the-island","-1","-1","-1","0","-1","0","0","0","0","-1","Drama"
"the-italian-job","-1","0","-1","0","-1","-1","0","-1","-1","1","Action"
"the-jacket","0","0","0","1","-1","1","0","1","0","1","Drama"
"the-kids-are-all-right","-1","1","1","-1","1","0","1","1","0","0","Drama"
"the-king's-speech","0","1","1","0","1","1","1","1","0","1","Drama"
"the-king-of-comedy","-1","1","-1","-1","1","-1","1","-1","1","0","Comedy"
"the-kingdom","1","-1","0","1","-1","1","-1","0","0","0","Action"
"the-ladykillers","0","0","0","-1","1","0","1","0","0","1","Comedy"
"the-last-boy-scout","1","-1","1","1","0","1","-1","1","0","-1","Action"
"the-last-flight","-1","0","-1","0","0","0","0","0","-1","0","Drama"
"the-last-of-the-mohicans","1","-1","-1","1","-1","1","0","1","0","1","Adventure"
"the-last-samurai","1","0","0","1","0","1","1","0","-1","1","Action"
"the-last-station","-1","1","0","-1","1","0","1","0","0","1","Drama"
"the-life-of-david-gale","-1","0","-1","-1","-1","-1","-1","-1","-1","0","Drama"
"the-limey","0","0","-1","0","0","-1","0","-1","0","0","Drama"
"the-lincoln-lawyer","1","1","1","1","0","1","0","1","0","1","Crime"
"the-long-kiss-goodnight","1","-1","1","1","0","1","-1","1","0","-1","Thriller"
"the-lord-of-the-rings-fellowship-of-the-ring","1","0","0","1","0","1","0","1","1","0","Action"
"the-losers","1","0","0","1","-1","1","-1","1","0","1","Action"
"the-majestic","-1","0","-1","-1","0","-1","1","-1","0","1","Drama"
"the-man-who-knew-too-much","-1","-1","-1","-1","-1","-1","0","-1","0","0","Adventure"
"the-man-who-wasn't-there","0","-1","0","-1","0","0","0","0","0","1","Drama"
"the-manchurian-candidate","0","0","0","0","0","0","1","1","0","1","Sci-Fi"
"the-mask","0","1","1","0","1","0","0","-1","1","0","Crime"
"the-master","0","1","0","-1","1","0","1","-1","1","1","Drama"
"the-matrix-reloaded","1","-1","0","1","-1","0","-1","1","-1","-1","Sci-Fi"
"the-matrix","0","-1","0","1","-1","0","-1","0","-1","0","Action"
"the-mechanic","-1","-1","-1","0","-1","-1","0","-1","-1","-1","Thriller"
"the-men-who-stare-at-goats","1","0","1","1","0","1","0","1","0","0","War"
"the-miracle-worker","0","1","1","0","1","1","1","0","1","-1","Drama"
"the-mummy","1","-1","1","1","-1","1","-1","1","1","-1","Action"
"the-next-three-days","-1","-1","-1","0","-1","-1","-1","-1","-1","0","Drama"
"the-nines","-1","0","-1","-1","-1","-1","-1","-1","-1","0","Horror"
"the-other-boleyn-girl","1","1","1","1","1","1","1","1","1","1","Drama"
"the-pacifier","0","0","0","0","0","0","0","-1","0","0","Family"
"the-perks-of-being-a-wallflower","-1","1","0","-1","1","-1","1","1","1","1","Drama"
"the-pianist","0","-1","1","1","-1","0","-1","0","0","-1","Biography"
"the-postman","0","1","0","1","-1","0","0","0","-1","1","Action"
"the-power-of-one","0","0","0","0","0","0","1","0","1","1","Drama"
"the-private-life-of-sherlock-holmes","-1","-1","-1","0","-1","-1","0","0","-1","0","Comedy"
"the-producer","1","1","1","1","1","1","1","1","0","1","Comedy"
"the-program","1","1","1","0","1","1","1","0","1","1","Drama"
"the-prophecy","0","-1","1","1","0","1","0","1","0","0","Fantasy"
"the-proposal","-1","1","0","-1","1","-1","1","-1","0","0","Romance"
"the-queen","-1","1","-1","0","0","-1","0","1","-1","0","Drama"
"the-rage-carrie-2","-1","0","0","0","1","0","0","0","0","-1","Thriller"
"the-reader","0","0","0","-1","0","-1","1","-1","-1","-1","Romance"
"the-relic","1","-1","0","1","-1","1","-1","1","-1","-1","Thriller"
"the-replacements","1","0","0","0","0","0","0","0","0","0","Comedy"
"the-revenant","1","-1","1","1","-1","1","-1","0","0","0","Thriller"
"the-road","0","-1","1","0","-1","1","-1","1","-1","-1","Drama"
"the-rock","1","-1","1","1","-1","1","0","0","-1","-1","Action"
"the-rocky-horror-picture-show","1","0","0","0","1","0","1","1","1","0","Musical"
"the-roommate","-1","-1","-1","-1","0","-1","-1","-1","-1","-1","Thriller"
"the-ruins","-1","-1","-1","-1","-1","-1","-1","-1","-1","-1","Thriller"
"the-salton-sea","1","0","1","1","0","1","-1","0","1","0","Drama"
"the-sandlot-kids","0","0","0","0","-1","0","-1","-1","1","0","Family"
"the-searchers","-1","-1","-1","0","-1","-1","-1","-1","0","0","Western"
"the-sessions","-1","1","-1","-1","1","-1","1","-1","1","1","Drama"
"the-shining","-1","-1","-1","-1","-1","-1","0","-1","-1","-1","Thriller"
"the-shipping-news","-1","0","0","-1","1","0","1","0","1","1","Romance"
"the-siege","1","0","-1","1","-1","-1","0","-1","0","1","Action"
"the-social-network","-1","0","-1","-1","0","-1","0","-1","-1","0","Drama"
"the-stuntman","1","-1","1","1","0","1","0","1","1","-1","Adventure"
"the-surfer-king","-1","1","-1","-1","1","-1","1","-1","1","1","Comedy"
"the-sweet-hereafter","-1","0","0","0","0","0","0","1","1","0","Drama"
"the-taking-of-pelham-one-two-three","1","1","-1","0","-1","0","-1","-1","0","-1","Crime"
"the-talented-mr.-ripley","-1","1","0","0","1","-1","1","1","1","1","Mystery"
"the-terminator","0","-1","0","0","-1","0","-1","-1","-1","-1","Romance"
"the-thing","0","-1","1","0","-1","1","-1","0","-1","-1","Sci-Fi"
"the-things-my-father-never-taught-me","-1","1","0","-1","1","-1","1","-1","1","1","Romance"
"the-three-musketeers","1","1","1","1","1","1","1","1","1","1","Comedy"
"the-time-machine","-1","0","-1","0","0","-1","0","-1","-1","-1","Action"
"the-tourist","-1","-1","-1","0","0","-1","-1","-1","0","-1","Action"
"the-truman-show","-1","0","-1","-1","-1","-1","0","-1","-1","-1","Comedy"
"the-ugly-truth","0","1","1","-1","1","0","1","-1","0","1","Comedy"
"the-verdict","-1","0","-1","0","-1","-1","0","1","-1","1","Drama"
"the-visitor","-1","1","-1","-1","0","-1","0","0","0","0","Romance"
"the-way-back","-1","-1","0","1","-1","0","-1","-1","-1","0","Adventure"
"the-whistleblower","0","1","-1","1","0","0","0","0","-1","1","Drama"
"the-wild-bunch","1","1","1","1","0","1","0","1","0","1","Action"
"the-wolf-of-wall-street","1","1","0","0","1","-1","1","-1","1","1","Comedy"
"the-woodsman","-1","-1","0","-1","0","-1","-1","-1","-1","-1","Drama"
"the-world-is-not-enough","1","-1","-1","1","-1","1","-1","1","0","0","Action"
"the-wrestler","0","0","0","-1","0","-1","0","-1","-1","-1","Drama"
"the-x-files-fight-the-future","-1","-1","0","0","-1","0","-1","-1","-1","-1","Sci-Fi"
"thelma-&-louise","1","0","1","1","0","0","1","0","1","0","Drama"
"thirteen-days","1","1","-1","1","-1","0","0","0","0","0","Drama"
"this-boy's-life","1","1","1","-1","1","1","1","0","1","1","Drama"
"this-is-40","1","1","1","0","1","0","1","1","1","1","Comedy"
"thor","1","0","0","1","0","1","1","0","0","1","Action"
"three-kings-(spoils-of-war)","1","0","1","1","-1","1","0","1","1","0","War"
"three-kings","1","-1","1","1","-1","1","0","1","-1","-1","Action"
"three-men-and-a-baby","0","1","1","-1","1","0","1","1","0","-1","Comedy"
"thunderheart","0","-1","-1","-1","-1","0","-1","0","-1","-1","Thriller"
"ticker","0","-1","0","1","-1","0","-1","-1","0","0","Action"
"timber-falls","0","1","1","0","0","0","-1","1","0","-1","Horror"
"tin-cup","1","1","0","0","1","0","1","0","1","1","Romance"
"tin-men","0","0","0","-1","1","-1","1","0","0","0","Comedy"
"tinker-tailor-soldier-spy","-1","-1","0","0","0","-1","0","-1","0","0","Mystery"
"titanic","0","0","-1","-1","0","0","0","-1","-1","-1","Drama"
"tmnt","1","0","0","1","0","1","1","-1","1","0","Animation"
"to-sleep-with-anger","-1","0","1","-1","0","0","0","1","-1","0","Drama"
"tomorrow-never-dies","0","-1","-1","1","-1","0","0","-1","0","0","Action"
"total-recall","0","-1","-1","0","-1","0","-1","-1","-1","-1","Adventure"
"traffic","0","1","-1","0","0","-1","0","-1","-1","1","Thriller"
"trainspotting","1","1","1","0","1","1","0","1","0","1","Drama"
"transformers-the-movie","1","0","1","1","-1","1","-1","-1","0","-1","Family"
"tron-legacy","1","0","0","1","-1","0","0","0","0","-1","Adventure"
"tron","-1","0","-1","-1","-1","-1","0","-1","-1","-1","Action"
"true-lies","0","-1","0","0","-1","-1","-1","-1","-1","-1","Thriller"
"twilight-new-moon","1","1","0","1","1","1","1","1","1","1","Fantasy"
"twilight","0","0","0","0","1","0","1","0","1","1","Fantasy"
"twin-peaks","-1","0","0","0","1","-1","0","0","0","0","Mystery"
"twins","0","1","-1","0","1","0","1","0","1","1","Comedy"
"two-for-the-money","0","1","-1","-1","1","-1","1","-1","1","0","Drama"
"u-turn","1","0","1","1","1","1","0","1","1","0","Drama"
"unbreakable","-1","-1","-1","-1","-1","-1","-1","-1","-1","-1","Fantasy"
"under-fire","1","0","0","1","0","1","1","1","0","-1","Drama"
"unknown","-1","-1","-1","0","-1","-1","-1","0","-1","-1","Drama"
"up-in-the-air","-1","1","-1","-1","1","-1","1","-1","0","0","Drama"
"up","-1","0","-1","-1","0","-1","-1","-1","-1","-1","Comedy"
"v-for-vendetta","1","-1","1","1","0","1","0","1","1","0","Action"
"valkyrie","1","0","-1","1","-1","1","1","0","1","0","Drama"
"vanilla-sky","0","1","-1","0","1","0","1","1","1","1","Romance"
"very-bad-things","1","1","1","1","1","1","1","1","1","1","Comedy"
"wag-the-dog","0","1","-1","1","1","0","1","1","0","1","Comedy"
"walking-tall","1","1","-1","1","1","0","1","1","1","1","Drama"
"wall-e","-1","-1","-1","-1","-1","-1","-1","-1","-1","-1","Adventure"
"wall-street-money-never-sleeps","0","1","-1","-1","1","-1","1","-1","1","1","Drama"
"wall-street","0","1","0","-1","1","-1","1","0","1","1","Crime"
"wanted","1","-1","-1","0","-1","0","-1","0","-1","-1","Thriller"
"war-horse","1","1","0","1","1","1","1","0","1","1","Drama"
"war-of-the-worlds","1","-1","0","0","-1","0","-1","-1","-1","-1","Sci-Fi"
"warm-springs","-1","1","-1","-1","1","-1","1","0","0","1","Biography"
"warrior","1","1","-1","0","0","1","0","1","0","1","Action"
"watchmen","1","1","0","1","0","1","0","1","0","-1","Fantasy"
"water-for-elephants","0","0","-1","0","1","0","1","0","0","1","Romance"
"we-own-the-night","0","0","-1","0","0","0","1","0","1","1","Crime"
"what-about-bob","-1","1","0","0","1","-1","0","0","1","-1","Comedy"
"what-lies-beneath","-1","-1","-1","-1","0","-1","-1","0","0","-1","Thriller"
"when-a-stranger-calls","-1","-1","-1","-1","-1","-1","-1","-1","-1","-1","Horror"
"while-she-was-out","1","-1","1","0","-1","1","-1","0","-1","-1","Crime"
"white-christmas","-1","1","-1","-1","1","-1","1","-1","-1","1","Romance"
"white-jazz","1","-1","0","1","-1","1","-1","0","0","-1","Mystery"
"white-squall","0","1","0","0","0","0","0","-1","1","1","Adventure"
"whiteout","0","-1","0","-1","-1","0","-1","0","-1","-1","Mystery"
"who's-your-daddy","-1","1","-1","-1","1","-1","1","-1","1","1","Comedy"
"wild-hogs","0","1","0","0","1","0","0","-1","1","0","Comedy"
"wild-things-diamonds-in-the-rough","1","0","1","1","0","1","0","0","1","0","Drama"
"wild-things","0","0","0","0","0","0","-1","-1","-1","-1","Drama"
"wild-wild-west","1","0","0","1","-1","1","0","0","0","-1","Comedy"
"willow","1","-1","1","1","1","1","1","1","1","-1","Adventure"
"win-win","1","1","1","-1","1","0","1","0","1","1","Drama"
"wind-chill","0","-1","1","1","-1","1","-1","0","0","-1","Thriller"
"witness","0","-1","0","0","-1","0","-1","0","0","-1","Crime"
"wonder-boys","-1","0","-1","-1","0","0","0","0","0","0","Drama"
"x-men-origins-wolverine","1","-1","1","1","-1","1","-1","1","-1","-1","Sci-Fi"
"xxx","1","0","1","1","0","1","-1","1","0","0","Adventure"
"year-one","1","1","1","1","1","1","1","1","1","1","Adventure"
"yes-man","0","0","0","-1","1","-1","1","-1","0","1","Comedy"
"you-can-count-on-me","-1","1","-1","-1","0","-1","0","0","-1","0","Drama"
"youth-in-revolt","0","1","0","-1","1","-1","1","0","-1","1","Comedy"
"zero-dark-thirty","0","0","-1","1","-1","-1","0","0","-1","1","Drama"
"zerophilia","0","-1","1","-1","0","0","0","0","0","0","Comedy"
